Data,Regiao,Casos,Obitos,Vacinados
2020-03-01,Norte,4781,206,1945
2020-03-01,Nordeste,2164,67,758
2020-03-01,Centro-Oeste,417,8,334
2020-03-01,Sudeste,2142,102,546
2020-03-01,Sul,809,37,205
2020-03-08,Norte,4509,178,1318
2020-03-08,Nordeste,2703,14,1641
2020-03-08,Centro-Oeste,4521,177,2343
2020-03-08,Sudeste,2361,85,545
2020-03-08,Sul,3734,66,1254
2020-03-15,Norte,2479,92,1182
2020-03-15,Nordeste,4852,6,2262
2020-03-15,Centro-Oeste,4005,3,3448
2020-03-15,Sudeste,424,9,302
2020-03-15,Sul,4912,210,1258
2020-03-22,Norte,2683,3,687
2020-03-22,Nordeste,1054,34,468
2020-03-22,Centro-Oeste,2471,120,1362
2020-03-22,Sudeste,1291,47,567
2020-03-22,Sul,1602,55,939
2020-03-29,Norte,4668,39,3441
2020-03-29,Nordeste,3495,45,1544
2020-03-29,Centro-Oeste,1264,26,513
2020-03-29,Sudeste,1867,80,1142
2020-03-29,Sul,3932,76,965
2020-04-05,Norte,165,3,124
2020-04-05,Nordeste,4366,217,3454
2020-04-05,Centro-Oeste,1490,54,1132
2020-04-05,Sudeste,326,11,250
2020-04-05,Sul,2543,87,2112
2020-04-12,Norte,3786,38,1793
2020-04-12,Nordeste,1932,56,1078
2020-04-12,Centro-Oeste,592,11,130
2020-04-12,Sudeste,1243,9,600
2020-04-12,Sul,4057,79,1450
2020-04-19,Norte,272,2,56
2020-04-19,Nordeste,4059,4,3588
2020-04-19,Centro-Oeste,622,29,450
2020-04-19,Sudeste,2264,55,1591
2020-04-19,Sul,2309,66,1003
2020-04-26,Norte,4176,65,1928
2020-04-26,Nordeste,3980,190,3259
2020-04-26,Centro-Oeste,2679,38,2215
2020-04-26,Sudeste,2473,22,1608
2020-04-26,Sul,4945,69,2178
2020-05-03,Norte,2789,83,2181
2020-05-03,Nordeste,3506,112,2308
2020-05-03,Centro-Oeste,3848,48,1844
2020-05-03,Sudeste,3961,113,2972
2020-05-03,Sul,3146,17,1818
2020-05-10,Norte,1497,36,777
2020-05-10,Nordeste,931,9,776
2020-05-10,Centro-Oeste,4877,122,3710
2020-05-10,Sudeste,181,6,132
2020-05-10,Sul,2163,53,1813
2020-05-17,Norte,262,1,207
2020-05-17,Nordeste,2497,12,1179
2020-05-17,Centro-Oeste,3635,58,2587
2020-05-17,Sudeste,3546,91,2937
2020-05-17,Sul,2890,44,1237
2020-05-24,Norte,4033,57,3346
2020-05-24,Nordeste,1022,25,331
2020-05-24,Centro-Oeste,1682,52,885
2020-05-24,Sudeste,2600,52,743
2020-05-24,Sul,450,18,153
2020-05-31,Norte,448,21,213
2020-05-31,Nordeste,1117,50,261
2020-05-31,Centro-Oeste,4967,125,4067
2020-05-31,Sudeste,4224,115,2988
2020-05-31,Sul,1993,57,1624
2020-06-07,Norte,3140,20,1753
2020-06-07,Nordeste,3217,65,1777
2020-06-07,Centro-Oeste,4533,122,2634
2020-06-07,Sudeste,546,2,399
2020-06-07,Sul,2818,102,1459
2020-06-14,Norte,4476,42,1490
2020-06-14,Nordeste,2086,62,1491
2020-06-14,Centro-Oeste,4069,125,1304
2020-06-14,Sudeste,3680,68,3041
2020-06-14,Sul,4101,187,1049
2020-06-21,Norte,4384,158,2933
2020-06-21,Nordeste,3285,75,1158
2020-06-21,Centro-Oeste,2232,48,1964
2020-06-21,Sudeste,3155,130,1600
2020-06-21,Sul,3560,89,3014
2020-06-28,Norte,2383,25,2083
2020-06-28,Nordeste,4466,122,3596
2020-06-28,Centro-Oeste,1380,15,696
2020-06-28,Sudeste,358,14,165
2020-06-28,Sul,624,23,331
2020-07-05,Norte,3482,148,1133
2020-07-05,Nordeste,2302,37,1573
2020-07-05,Centro-Oeste,4001,101,2040
2020-07-05,Sudeste,4651,7,2562
2020-07-05,Sul,4824,198,3843
2020-07-12,Norte,585,20,316
2020-07-12,Nordeste,4566,190,3813
2020-07-12,Centro-Oeste,1571,19,577
2020-07-12,Sudeste,3473,30,2215
2020-07-12,Sul,704,8,410
2020-07-19,Norte,1517,28,804
2020-07-19,Nordeste,3975,83,1343
2020-07-19,Centro-Oeste,938,22,611
2020-07-19,Sudeste,3915,92,1630
2020-07-19,Sul,4809,155,3440
2020-07-26,Norte,4873,158,3035
2020-07-26,Nordeste,4568,224,2009
2020-07-26,Centro-Oeste,3420,90,899
2020-07-26,Sudeste,2096,89,1406
2020-07-26,Sul,3391,71,1404
2020-08-02,Norte,1344,4,821
2020-08-02,Nordeste,3818,41,1438
2020-08-02,Centro-Oeste,382,13,100
2020-08-02,Sudeste,3070,128,1561
2020-08-02,Sul,4860,181,2120
2020-08-09,Norte,166,5,90
2020-08-09,Nordeste,3497,52,2300
2020-08-09,Centro-Oeste,925,17,783
2020-08-09,Sudeste,1125,11,886
2020-08-09,Sul,904,19,282
2020-08-16,Norte,4731,111,2181
2020-08-16,Nordeste,4132,128,2990
2020-08-16,Centro-Oeste,4823,236,1068
2020-08-16,Sudeste,4241,54,2202
2020-08-16,Sul,1936,25,1231
2020-08-23,Norte,2596,23,1029
2020-08-23,Nordeste,3718,23,3330
2020-08-23,Centro-Oeste,1607,79,336
2020-08-23,Sudeste,3742,181,1659
2020-08-23,Sul,1394,10,982
2020-08-30,Norte,1853,67,766
2020-08-30,Nordeste,2541,74,1485
2020-08-30,Centro-Oeste,1605,40,1322
2020-08-30,Sudeste,2325,86,1431
2020-08-30,Sul,4454,203,2944
2020-09-06,Norte,2196,25,599
2020-09-06,Nordeste,275,1,181
2020-09-06,Centro-Oeste,2602,19,1017
2020-09-06,Sudeste,775,31,182
2020-09-06,Sul,1456,0,478
2020-09-13,Norte,646,15,414
2020-09-13,Nordeste,2183,54,1030
2020-09-13,Centro-Oeste,1700,68,646
2020-09-13,Sudeste,3705,106,1873
2020-09-13,Sul,2215,35,1134
2020-09-20,Norte,4376,209,3356
2020-09-20,Nordeste,1587,40,1230
2020-09-20,Centro-Oeste,1657,65,1375
2020-09-20,Sudeste,2531,43,2144
2020-09-20,Sul,1682,38,1157
2020-09-27,Norte,701,20,412
2020-09-27,Nordeste,4866,242,2069
2020-09-27,Centro-Oeste,200,1,98
2020-09-27,Sudeste,4125,102,2802
2020-09-27,Sul,2642,1,1282
2020-10-04,Norte,3468,122,2104
2020-10-04,Nordeste,4335,28,2281
2020-10-04,Centro-Oeste,369,11,178
2020-10-04,Sudeste,2179,73,1629
2020-10-04,Sul,461,8,191
2020-10-11,Norte,1781,8,1052
2020-10-11,Nordeste,1152,49,691
2020-10-11,Centro-Oeste,4827,169,3169
2020-10-11,Sudeste,4032,3,2935
2020-10-11,Sul,4949,184,4232
2020-10-18,Norte,3402,74,1973
2020-10-18,Nordeste,2022,61,1277
2020-10-18,Centro-Oeste,419,5,292
2020-10-18,Sudeste,1655,57,442
2020-10-18,Sul,3132,56,1086
2020-10-25,Norte,986,13,288
2020-10-25,Nordeste,1175,36,754
2020-10-25,Centro-Oeste,2024,68,1330
2020-10-25,Sudeste,4752,136,3231
2020-10-25,Sul,1155,32,868
2020-11-01,Norte,4774,29,3115
2020-11-01,Nordeste,2351,28,1112
2020-11-01,Centro-Oeste,4669,184,3233
2020-11-01,Sudeste,3969,136,2738
2020-11-01,Sul,4581,61,1430
2020-11-08,Norte,4625,67,2485
2020-11-08,Nordeste,3862,140,2095
2020-11-08,Centro-Oeste,2822,54,1034
2020-11-08,Sudeste,1516,1,1111
2020-11-08,Sul,271,11,100
2020-11-15,Norte,4325,95,1842
2020-11-15,Nordeste,1745,68,406
2020-11-15,Centro-Oeste,1229,43,574
2020-11-15,Sudeste,867,42,555
2020-11-15,Sul,2108,33,1417
2020-11-22,Norte,3242,117,1044
2020-11-22,Nordeste,1638,25,639
2020-11-22,Centro-Oeste,910,41,665
2020-11-22,Sudeste,4645,10,2823
2020-11-22,Sul,2805,84,660
2020-11-29,Norte,715,21,323
2020-11-29,Nordeste,2113,29,1709
2020-11-29,Centro-Oeste,1733,56,1224
2020-11-29,Sudeste,1452,19,777
2020-11-29,Sul,4476,18,1667
2020-12-06,Norte,4067,71,3071
2020-12-06,Nordeste,4747,223,3022
2020-12-06,Centro-Oeste,801,18,572
2020-12-06,Sudeste,4362,187,1040
2020-12-06,Sul,4424,210,1250
2020-12-13,Norte,627,22,259
2020-12-13,Nordeste,3709,95,1264
2020-12-13,Centro-Oeste,2253,91,1414
2020-12-13,Sudeste,4328,21,3887
2020-12-13,Sul,3583,160,2358
2020-12-20,Norte,1870,17,490
2020-12-20,Nordeste,897,25,322
2020-12-20,Centro-Oeste,3888,38,2488
2020-12-20,Sudeste,852,37,538
2020-12-20,Sul,2705,49,1218
2020-12-27,Norte,205,7,112
2020-12-27,Nordeste,1882,61,1585
2020-12-27,Centro-Oeste,2097,21,1688
2020-12-27,Sudeste,4969,25,2668
2020-12-27,Sul,1222,13,521
2021-01-03,Norte,1043,6,311
2021-01-03,Nordeste,1045,24,861
2021-01-03,Centro-Oeste,4920,232,2401
2021-01-03,Sudeste,1624,54,574
2021-01-03,Sul,1644,78,1403
2021-01-10,Norte,997,24,424
2021-01-10,Nordeste,1309,33,1063
2021-01-10,Centro-Oeste,4937,130,4057
2021-01-10,Sudeste,2779,69,1313
2021-01-10,Sul,803,18,482
2021-01-17,Norte,3381,102,1004
2021-01-17,Nordeste,4328,66,3563
2021-01-17,Centro-Oeste,220,3,172
2021-01-17,Sudeste,3775,62,2831
2021-01-17,Sul,432,8,215
2021-01-24,Norte,1416,44,1002
2021-01-24,Nordeste,3270,149,1009
2021-01-24,Centro-Oeste,4334,57,2063
2021-01-24,Sudeste,128,2,39
2021-01-24,Sul,927,30,738
2021-01-31,Norte,2124,42,1639
2021-01-31,Nordeste,2211,1,1680
2021-01-31,Centro-Oeste,2313,30,1717
2021-01-31,Sudeste,1664,66,837
2021-01-31,Sul,1457,24,594
2021-02-07,Norte,1560,66,1169
2021-02-07,Nordeste,4085,136,3670
2021-02-07,Centro-Oeste,4956,64,2419
2021-02-07,Sudeste,4478,105,1273
2021-02-07,Sul,4393,43,1233
2021-02-14,Norte,1663,44,1372
2021-02-14,Nordeste,2786,122,1236
2021-02-14,Centro-Oeste,2653,130,605
2021-02-14,Sudeste,4426,203,1846
2021-02-14,Sul,3419,45,2945
2021-02-21,Norte,3329,68,1057
2021-02-21,Nordeste,1208,10,309
2021-02-21,Centro-Oeste,710,26,638
2021-02-21,Sudeste,2875,93,1772
2021-02-21,Sul,130,2,112
2021-02-28,Norte,1500,1,916
2021-02-28,Nordeste,4734,226,4019
2021-02-28,Centro-Oeste,970,36,726
2021-02-28,Sudeste,1512,51,1242
2021-02-28,Sul,440,19,342
2021-03-07,Norte,4233,147,2879
2021-03-07,Nordeste,1660,1,1259
2021-03-07,Centro-Oeste,1149,5,909
2021-03-07,Sudeste,2884,0,1394
2021-03-07,Sul,4968,12,3955
2021-03-14,Norte,4079,47,1735
2021-03-14,Nordeste,2518,34,834
2021-03-14,Centro-Oeste,3777,4,2772
2021-03-14,Sudeste,1328,56,951
2021-03-14,Sul,2534,123,1326
2021-03-21,Norte,2615,68,2018
2021-03-21,Nordeste,3275,160,2902
2021-03-21,Centro-Oeste,2363,49,683
2021-03-21,Sudeste,607,15,492
2021-03-21,Sul,431,12,124
2021-03-28,Norte,1041,31,935
2021-03-28,Nordeste,2962,136,1591
2021-03-28,Centro-Oeste,2837,76,1266
2021-03-28,Sudeste,1109,14,545
2021-03-28,Sul,4409,207,1049
2021-04-04,Norte,3501,23,1677
2021-04-04,Nordeste,4341,6,1383
2021-04-04,Centro-Oeste,3261,59,1179
2021-04-04,Sudeste,3398,28,1781
2021-04-04,Sul,532,0,258
2021-04-11,Norte,500,22,156
2021-04-11,Nordeste,3150,141,1234
2021-04-11,Centro-Oeste,2935,18,2050
2021-04-11,Sudeste,2613,32,2288
2021-04-11,Sul,1196,32,939
2021-04-18,Norte,2073,16,1144
2021-04-18,Nordeste,4521,119,1516
2021-04-18,Centro-Oeste,2693,83,1458
2021-04-18,Sudeste,941,9,531
2021-04-18,Sul,958,15,408
2021-04-25,Norte,544,16,187
2021-04-25,Nordeste,1130,15,964
2021-04-25,Centro-Oeste,2163,39,955
2021-04-25,Sudeste,2950,20,2398
2021-04-25,Sul,1411,40,415
2021-05-02,Norte,4155,26,3282
2021-05-02,Nordeste,1189,8,840
2021-05-02,Centro-Oeste,4632,60,3907
2021-05-02,Sudeste,4454,211,2879
2021-05-02,Sul,4298,54,1627
2021-05-09,Norte,1224,5,1056
2021-05-09,Nordeste,2373,46,936
2021-05-09,Centro-Oeste,336,9,187
2021-05-09,Sudeste,3353,45,1436
2021-05-09,Sul,2781,30,1894
2021-05-16,Norte,2765,16,2486
2021-05-16,Nordeste,3591,23,2444
2021-05-16,Centro-Oeste,4030,24,3141
2021-05-16,Sudeste,437,13,123
2021-05-16,Sul,1917,8,890
2021-05-23,Norte,4515,71,1818
2021-05-23,Nordeste,3638,157,2827
2021-05-23,Centro-Oeste,3007,98,1859
2021-05-23,Sudeste,2082,10,848
2021-05-23,Sul,3667,99,1722
2021-05-30,Norte,4794,146,1353
2021-05-30,Nordeste,3698,158,1677
2021-05-30,Centro-Oeste,1736,36,809
2021-05-30,Sudeste,4736,113,2892
2021-05-30,Sul,3535,129,790
2021-06-06,Norte,4466,131,1106
2021-06-06,Nordeste,3337,22,725
2021-06-06,Centro-Oeste,3030,74,2133
2021-06-06,Sudeste,222,7,182
2021-06-06,Sul,3400,17,1241
2021-06-13,Norte,4081,117,2553
2021-06-13,Nordeste,1004,34,594
2021-06-13,Centro-Oeste,1826,75,1299
2021-06-13,Sudeste,174,6,58
2021-06-13,Sul,120,1,66
2021-06-20,Norte,1138,18,786
2021-06-20,Nordeste,1209,20,940
2021-06-20,Centro-Oeste,471,11,399
2021-06-20,Sudeste,1274,12,322
2021-06-20,Sul,1383,8,908
2021-06-27,Norte,4566,162,1013
2021-06-27,Nordeste,4856,185,2652
2021-06-27,Centro-Oeste,342,16,148
2021-06-27,Sudeste,2702,94,765
2021-06-27,Sul,1641,77,394
2021-07-04,Norte,4591,99,4001
2021-07-04,Nordeste,1957,1,797
2021-07-04,Centro-Oeste,3072,80,2117
2021-07-04,Sudeste,2794,69,928
2021-07-04,Sul,3433,26,914
2021-07-11,Norte,4059,23,2704
2021-07-11,Nordeste,1413,39,328
2021-07-11,Centro-Oeste,1074,10,427
2021-07-11,Sudeste,857,23,491
2021-07-11,Sul,2421,43,1327
2021-07-18,Norte,1486,27,1296
2021-07-18,Nordeste,2527,70,2202
2021-07-18,Centro-Oeste,2030,85,1151
2021-07-18,Sudeste,4870,115,3626
2021-07-18,Sul,3967,122,3306
2021-07-25,Norte,3903,23,1397
2021-07-25,Nordeste,2265,108,761
2021-07-25,Centro-Oeste,1092,48,571
2021-07-25,Sudeste,4481,71,3006
2021-07-25,Sul,4882,25,2440
2021-08-01,Norte,4933,6,3672
2021-08-01,Nordeste,3083,91,2574
2021-08-01,Centro-Oeste,2623,52,1277
2021-08-01,Sudeste,4681,131,2449
2021-08-01,Sul,2101,24,1450
2021-08-08,Norte,1865,27,1593
2021-08-08,Nordeste,3906,110,1782
2021-08-08,Centro-Oeste,4445,147,2507
2021-08-08,Sudeste,1363,10,1143
2021-08-08,Sul,934,22,640
2021-08-15,Norte,2513,33,904
2021-08-15,Nordeste,2205,8,1768
2021-08-15,Centro-Oeste,1238,17,287
2021-08-15,Sudeste,2320,105,1256
2021-08-15,Sul,3210,118,976
2021-08-22,Norte,1459,26,906
2021-08-22,Nordeste,1314,18,1028
2021-08-22,Centro-Oeste,383,14,281
2021-08-22,Sudeste,4947,137,3375
2021-08-22,Sul,1894,81,1147
2021-08-29,Norte,3993,5,2757
2021-08-29,Nordeste,3392,122,1390
2021-08-29,Centro-Oeste,3538,1,2079
2021-08-29,Sudeste,324,9,289
2021-08-29,Sul,335,6,266
2021-09-05,Norte,1988,5,1656
2021-09-05,Nordeste,848,18,648
2021-09-05,Centro-Oeste,609,7,408
2021-09-05,Sudeste,4980,125,3819
2021-09-05,Sul,4332,119,3000
2021-09-12,Norte,1877,70,811
2021-09-12,Nordeste,3767,24,1516
2021-09-12,Centro-Oeste,801,23,461
2021-09-12,Sudeste,1401,10,967
2021-09-12,Sul,906,42,741
2021-09-19,Norte,1425,37,420
2021-09-19,Nordeste,2969,91,2424
2021-09-19,Centro-Oeste,1669,78,1080
2021-09-19,Sudeste,2018,16,1587
2021-09-19,Sul,3858,109,3126
2021-09-26,Norte,1497,8,742
2021-09-26,Nordeste,4160,204,1236
2021-09-26,Centro-Oeste,1821,84,1584
2021-09-26,Sudeste,2925,5,2368
2021-09-26,Sul,4310,120,2538
2021-10-03,Norte,164,3,88
2021-10-03,Nordeste,1515,9,1271
2021-10-03,Centro-Oeste,468,8,287
2021-10-03,Sudeste,3183,137,1556
2021-10-03,Sul,788,24,167
2021-10-10,Norte,1569,35,365
2021-10-10,Nordeste,2365,77,1471
2021-10-10,Centro-Oeste,923,39,568
2021-10-10,Sudeste,4251,117,3797
2021-10-10,Sul,897,11,358
2021-10-17,Norte,1993,86,1105
2021-10-17,Nordeste,3818,21,2263
2021-10-17,Centro-Oeste,942,32,757
2021-10-17,Sudeste,291,10,160
2021-10-17,Sul,495,6,226
2021-10-24,Norte,4762,230,1825
2021-10-24,Nordeste,2721,89,775
2021-10-24,Centro-Oeste,556,8,464
2021-10-24,Sudeste,1104,12,658
2021-10-24,Sul,444,11,232
2021-10-31,Norte,2562,92,1137
2021-10-31,Nordeste,4479,187,2573
2021-10-31,Centro-Oeste,322,7,270
2021-10-31,Sudeste,1668,19,1496
2021-10-31,Sul,1836,22,1225
2021-11-07,Norte,764,12,236
2021-11-07,Nordeste,2768,30,2317
2021-11-07,Centro-Oeste,4558,53,2323
2021-11-07,Sudeste,767,24,523
2021-11-07,Sul,198,6,109
2021-11-14,Norte,521,2,165
2021-11-14,Nordeste,1232,38,794
2021-11-14,Centro-Oeste,3290,85,1049
2021-11-14,Sudeste,1175,26,523
2021-11-14,Sul,2484,41,1723
2021-11-21,Norte,3409,125,1840
2021-11-21,Nordeste,1631,63,960
2021-11-21,Centro-Oeste,353,15,214
2021-11-21,Sudeste,1331,18,641
2021-11-21,Sul,3675,135,900
2021-11-28,Norte,1673,52,1194
2021-11-28,Nordeste,4812,99,2587
2021-11-28,Centro-Oeste,4098,43,1321
2021-11-28,Sudeste,4780,166,3691
2021-11-28,Sul,4591,95,2798
2021-12-05,Norte,3274,145,1628
2021-12-05,Nordeste,323,5,185
2021-12-05,Centro-Oeste,335,10,182
2021-12-05,Sudeste,3334,61,875
2021-12-05,Sul,3827,135,2908
2021-12-12,Norte,2903,85,994
2021-12-12,Nordeste,2126,9,1120
2021-12-12,Centro-Oeste,943,27,769
2021-12-12,Sudeste,2039,4,1197
2021-12-12,Sul,3485,45,2510
2021-12-19,Norte,3363,7,2029
2021-12-19,Nordeste,4234,36,3583
2021-12-19,Centro-Oeste,261,10,169
2021-12-19,Sudeste,1227,32,1043
2021-12-19,Sul,1758,53,1408
2021-12-26,Norte,2389,70,1366
2021-12-26,Nordeste,3161,61,2702
2021-12-26,Centro-Oeste,3729,55,2411
2021-12-26,Sudeste,3166,112,1700
2021-12-26,Sul,4323,107,1021
2022-01-02,Norte,3956,58,2681
2022-01-02,Nordeste,4707,145,3033
2022-01-02,Centro-Oeste,3279,61,2879
2022-01-02,Sudeste,1826,86,631
2022-01-02,Sul,937,40,476
2022-01-09,Norte,456,16,322
2022-01-09,Nordeste,971,11,406
2022-01-09,Centro-Oeste,4747,18,1271
2022-01-09,Sudeste,2741,63,630
2022-01-09,Sul,2450,5,1273
2022-01-16,Norte,2839,38,2102
2022-01-16,Nordeste,4884,112,3419
2022-01-16,Centro-Oeste,1872,9,1212
2022-01-16,Sudeste,977,0,243
2022-01-16,Sul,3847,20,1061
2022-01-23,Norte,1751,23,660
2022-01-23,Nordeste,636,6,253
2022-01-23,Centro-Oeste,333,0,158
2022-01-23,Sudeste,2474,96,1460
2022-01-23,Sul,989,23,207
2022-01-30,Norte,3500,11,734
2022-01-30,Nordeste,4642,195,2691
2022-01-30,Centro-Oeste,3391,140,2236
2022-01-30,Sudeste,4790,233,3234
2022-01-30,Sul,4106,87,1924
2022-02-06,Norte,1519,33,1291
2022-02-06,Nordeste,3056,30,2532
2022-02-06,Centro-Oeste,1482,14,370
2022-02-06,Sudeste,1669,67,361
2022-02-06,Sul,805,15,583
2022-02-13,Norte,3764,148,2411
2022-02-13,Nordeste,3702,101,3016
2022-02-13,Centro-Oeste,3468,60,2299
2022-02-13,Sudeste,4188,102,1162
2022-02-13,Sul,3840,106,1126
2022-02-20,Norte,3877,18,3146
2022-02-20,Nordeste,1821,69,528
2022-02-20,Centro-Oeste,1696,29,793
2022-02-20,Sudeste,3908,126,973
2022-02-20,Sul,2774,5,1083
2022-02-27,Norte,191,0,114
2022-02-27,Nordeste,3016,83,1678
2022-02-27,Centro-Oeste,2613,30,996
2022-02-27,Sudeste,4049,92,1629
2022-02-27,Sul,697,24,140
2022-03-06,Norte,1977,4,1424
2022-03-06,Nordeste,4695,148,1655
2022-03-06,Centro-Oeste,4186,88,1502
2022-03-06,Sudeste,2308,13,1540
2022-03-06,Sul,327,0,213
2022-03-13,Norte,1169,15,982
2022-03-13,Nordeste,4827,83,1377
2022-03-13,Centro-Oeste,1855,7,757
2022-03-13,Sudeste,3644,18,3128
2022-03-13,Sul,1202,21,875
2022-03-20,Norte,3373,149,2834
2022-03-20,Nordeste,2288,32,1186
2022-03-20,Centro-Oeste,688,26,513
2022-03-20,Sudeste,1507,23,1051
2022-03-20,Sul,4822,62,2593
2022-03-27,Norte,1094,47,920
2022-03-27,Nordeste,2159,27,907
2022-03-27,Centro-Oeste,3086,144,673
2022-03-27,Sudeste,1975,63,597
2022-03-27,Sul,3868,120,1510
2022-04-03,Norte,4397,73,3289
2022-04-03,Nordeste,4411,203,3484
2022-04-03,Centro-Oeste,3034,22,1815
2022-04-03,Sudeste,2396,108,1283
2022-04-03,Sul,233,0,179
2022-04-10,Norte,533,21,466
2022-04-10,Nordeste,3771,152,2852
2022-04-10,Centro-Oeste,3017,105,1942
2022-04-10,Sudeste,401,3,283
2022-04-10,Sul,4105,10,3136
2022-04-17,Norte,3341,38,2146
2022-04-17,Nordeste,1687,30,1501
2022-04-17,Centro-Oeste,3317,57,846
2022-04-17,Sudeste,812,30,414
2022-04-17,Sul,4172,9,3581
2022-04-24,Norte,2533,101,776
2022-04-24,Nordeste,1894,42,792
2022-04-24,Centro-Oeste,4393,66,1957
2022-04-24,Sudeste,2978,14,2239
2022-04-24,Sul,4823,91,2125
2022-05-01,Norte,1685,70,1247
2022-05-01,Nordeste,4085,81,2212
2022-05-01,Centro-Oeste,3788,87,1270
2022-05-01,Sudeste,1166,25,838
2022-05-01,Sul,1188,33,612
2022-05-08,Norte,4964,210,4276
2022-05-08,Nordeste,4666,148,1020
2022-05-08,Centro-Oeste,889,19,258
2022-05-08,Sudeste,1764,29,1216
2022-05-08,Sul,3963,13,815
2022-05-15,Norte,3103,94,930
2022-05-15,Nordeste,1331,23,982
2022-05-15,Centro-Oeste,2811,25,1267
2022-05-15,Sudeste,521,13,424
2022-05-15,Sul,3668,74,1679
2022-05-22,Norte,1286,42,797
2022-05-22,Nordeste,2047,28,1347
2022-05-22,Centro-Oeste,486,19,234
2022-05-22,Sudeste,3358,141,1386
2022-05-22,Sul,4033,159,1231
2022-05-29,Norte,1539,25,691
2022-05-29,Nordeste,155,4,136
2022-05-29,Centro-Oeste,3301,80,1329
2022-05-29,Sudeste,4571,198,1221
2022-05-29,Sul,2238,8,2004
2022-06-05,Norte,4997,109,2663
2022-06-05,Nordeste,4535,52,1885
2022-06-05,Centro-Oeste,2015,39,959
2022-06-05,Sudeste,204,5,145
2022-06-05,Sul,398,6,279
2022-06-12,Norte,745,18,196
2022-06-12,Nordeste,4833,238,4044
2022-06-12,Centro-Oeste,2611,15,1418
2022-06-12,Sudeste,470,4,304
2022-06-12,Sul,2137,36,1575
2022-06-19,Norte,1460,63,1021
2022-06-19,Nordeste,2361,61,1823
2022-06-19,Centro-Oeste,1056,32,788
2022-06-19,Sudeste,4993,238,3745
2022-06-19,Sul,1205,42,745
2022-06-26,Norte,2349,23,1996
2022-06-26,Nordeste,1767,36,996
2022-06-26,Centro-Oeste,3772,145,3346
2022-06-26,Sudeste,1590,72,857
2022-06-26,Sul,3164,124,1464
2022-07-03,Norte,4792,136,1657
2022-07-03,Nordeste,1746,14,789
2022-07-03,Centro-Oeste,1629,21,644
2022-07-03,Sudeste,3386,70,1244
2022-07-03,Sul,4431,24,3920
2022-07-10,Norte,3788,133,1942
2022-07-10,Nordeste,3362,8,2779
2022-07-10,Centro-Oeste,1940,96,1087
2022-07-10,Sudeste,4777,36,3996
2022-07-10,Sul,4364,61,2337
2022-07-17,Norte,4209,163,2284
2022-07-17,Nordeste,2904,78,2123
2022-07-17,Centro-Oeste,1789,35,1408
2022-07-17,Sudeste,4641,207,1643
2022-07-17,Sul,3123,50,2775
2022-07-24,Norte,4621,100,2488
2022-07-24,Nordeste,1229,38,1013
2022-07-24,Centro-Oeste,3978,20,2601
2022-07-24,Sudeste,3047,60,2548
2022-07-24,Sul,3309,86,2813
2022-07-31,Norte,4741,123,1057
2022-07-31,Nordeste,644,1,358
2022-07-31,Centro-Oeste,2464,9,2209
2022-07-31,Sudeste,1975,64,727
2022-07-31,Sul,4787,14,1496
2022-08-07,Norte,2882,22,2095
2022-08-07,Nordeste,2768,106,2233
2022-08-07,Centro-Oeste,4037,140,2640
2022-08-07,Sudeste,2246,60,571
2022-08-07,Sul,3491,30,2314
2022-08-14,Norte,4717,7,1859
2022-08-14,Nordeste,4912,58,3738
2022-08-14,Centro-Oeste,2036,74,1450
2022-08-14,Sudeste,4755,200,4152
2022-08-14,Sul,3464,128,3095
2022-08-21,Norte,989,24,583
2022-08-21,Nordeste,1081,22,675
2022-08-21,Centro-Oeste,3629,33,767
2022-08-21,Sudeste,3449,69,2466
2022-08-21,Sul,3301,93,2227
2022-08-28,Norte,1229,15,960
2022-08-28,Nordeste,1880,71,807
2022-08-28,Centro-Oeste,3477,140,2795
2022-08-28,Sudeste,3501,45,2048
2022-08-28,Sul,3285,146,2687
2022-09-04,Norte,1262,52,550
2022-09-04,Nordeste,3447,147,1477
2022-09-04,Centro-Oeste,2989,97,1774
2022-09-04,Sudeste,2049,72,1286
2022-09-04,Sul,3842,41,3260
2022-09-11,Norte,2855,89,2217
2022-09-11,Nordeste,2003,16,674
2022-09-11,Centro-Oeste,2656,69,2385
2022-09-11,Sudeste,1966,79,1569
2022-09-11,Sul,3275,74,1806
2022-09-18,Norte,1834,25,933
2022-09-18,Nordeste,3516,18,2909
2022-09-18,Centro-Oeste,780,35,178
2022-09-18,Sudeste,4924,65,2713
2022-09-18,Sul,2291,72,1125
2022-09-25,Norte,1712,34,1022
2022-09-25,Nordeste,1072,30,298
2022-09-25,Centro-Oeste,2563,53,993
2022-09-25,Sudeste,2603,58,816
2022-09-25,Sul,3283,95,2808
2022-10-02,Norte,1828,73,803
2022-10-02,Nordeste,1255,34,632
2022-10-02,Centro-Oeste,2285,46,1299
2022-10-02,Sudeste,2417,37,878
2022-10-02,Sul,2611,74,1798
2022-10-09,Norte,1393,33,1222
2022-10-09,Nordeste,3202,57,825
2022-10-09,Centro-Oeste,3299,157,911
2022-10-09,Sudeste,118,3,30
2022-10-09,Sul,322,2,258
2022-10-16,Norte,1359,16,924
2022-10-16,Nordeste,4694,8,3687
2022-10-16,Centro-Oeste,1985,20,1559
2022-10-16,Sudeste,1399,34,331
2022-10-16,Sul,3858,109,1485
2022-10-23,Norte,1047,7,212
2022-10-23,Nordeste,3838,171,1636
2022-10-23,Centro-Oeste,193,4,121
2022-10-23,Sudeste,4400,124,1979
2022-10-23,Sul,176,7,60
2022-10-30,Norte,3785,105,3355
2022-10-30,Nordeste,2973,18,2340
2022-10-30,Centro-Oeste,3248,76,2114
2022-10-30,Sudeste,2687,65,2338
2022-10-30,Sul,1505,57,442
2022-11-06,Norte,992,47,281
2022-11-06,Nordeste,2499,32,1411
2022-11-06,Centro-Oeste,2299,29,1928
2022-11-06,Sudeste,2800,46,1183
2022-11-06,Sul,755,1,374
2022-11-13,Norte,142,3,30
2022-11-13,Nordeste,1760,11,947
2022-11-13,Centro-Oeste,2324,62,1421
2022-11-13,Sudeste,660,32,417
2022-11-13,Sul,3102,75,2170
2022-11-20,Norte,2751,22,2291
2022-11-20,Nordeste,4801,224,3837
2022-11-20,Centro-Oeste,3370,14,1419
2022-11-20,Sudeste,657,31,360
2022-11-20,Sul,1041,43,794
2022-11-27,Norte,1825,88,1476
2022-11-27,Nordeste,1436,65,948
2022-11-27,Centro-Oeste,132,0,71
2022-11-27,Sudeste,3514,132,762
2022-11-27,Sul,4028,7,1076
2022-12-04,Norte,4176,115,2641
2022-12-04,Nordeste,2852,130,1695
2022-12-04,Centro-Oeste,4505,13,2216
2022-12-04,Sudeste,1845,81,947
2022-12-04,Sul,109,0,85
2022-12-11,Norte,830,26,298
2022-12-11,Nordeste,3754,82,2854
2022-12-11,Centro-Oeste,4571,92,1184
2022-12-11,Sudeste,1606,75,649
2022-12-11,Sul,4236,166,3536
2022-12-18,Norte,2426,84,1908
2022-12-18,Nordeste,112,3,48
2022-12-18,Centro-Oeste,3721,99,1958
2022-12-18,Sudeste,3222,136,1296
2022-12-18,Sul,720,14,570
2022-12-25,Norte,1745,67,765
2022-12-25,Nordeste,4859,163,2749
2022-12-25,Centro-Oeste,3811,104,2141
2022-12-25,Sudeste,4343,108,3279
2022-12-25,Sul,501,11,328
