Data,Regiao,Produto,Vendedor,Qtd_Vendida,Receita,Custo,Lucro
2022-01-31,Nordeste,Notebook,Daniela,22,74053.33,44593.53,29459.800000000003
2022-01-31,Nordeste,Smartphone,Carlos,15,28507.18,20044.43,8462.75
2022-01-31,Nordeste,Impressora,Eduardo,12,25688.06,14523.2,11164.86
2022-01-31,Nordeste,Monitor,Daniela,69,67182.98,36964.61,30218.369999999995
2022-01-31,Nordeste,Headset,Bruno,73,111557.9,88491.7,23066.199999999997
2022-01-31,Sudeste,Notebook,Carlos,79,87773.01,46501.32,41271.689999999995
2022-01-31,Sudeste,Smartphone,Fernanda,68,160729.97,99432.43,61297.54000000001
2022-01-31,Sudeste,Impressora,Fernanda,63,73192.03,47308.06,25883.97
2022-01-31,Sudeste,Monitor,Bruno,41,196867.02,116976.42,79890.59999999999
2022-01-31,Sudeste,Headset,Fernanda,72,358333.98,237795.57,120538.40999999997
2022-01-31,Sul,Notebook,Eduardo,81,261706.79,142754.59,118952.20000000001
2022-01-31,Sul,Smartphone,Ana,26,76344.69,41702.79,34641.9
2022-01-31,Sul,Impressora,Ana,17,49940.42,36385.12,13555.299999999996
2022-01-31,Sul,Monitor,Carlos,91,225860.73,133415.93,92444.80000000002
2022-01-31,Sul,Headset,Eduardo,55,71349.8,46536.76,24813.04
2022-01-31,Centro-Oeste,Notebook,Daniela,25,121221.96,80892.94,40329.020000000004
2022-01-31,Centro-Oeste,Smartphone,Carlos,5,15560.52,8430.05,7130.470000000001
2022-01-31,Centro-Oeste,Impressora,Carlos,17,56406.93,36476.63,19930.300000000003
2022-01-31,Centro-Oeste,Monitor,Carlos,21,79917.61,47163.13,32754.480000000003
2022-01-31,Centro-Oeste,Headset,Fernanda,28,92203.22,51670.1,40533.12
2022-01-31,Norte,Notebook,Eduardo,12,8130.81,5225.38,2905.4300000000003
2022-01-31,Norte,Smartphone,Daniela,23,25200.54,17083.56,8116.98
2022-01-31,Norte,Impressora,Bruno,15,31358.6,19992.36,11366.239999999998
2022-01-31,Norte,Monitor,Fernanda,25,96409.25,64092.56,32316.690000000002
2022-01-31,Norte,Headset,Eduardo,85,302889.13,193859.53,109029.6
2022-02-28,Nordeste,Notebook,Bruno,16,77811.76,61061.5,16750.259999999995
2022-02-28,Nordeste,Smartphone,Bruno,52,47919.35,34807.96,13111.39
2022-02-28,Nordeste,Impressora,Fernanda,59,129150.09,75647.74,53502.34999999999
2022-02-28,Nordeste,Monitor,Ana,66,259254.06,159690.69,99563.37
2022-02-28,Nordeste,Headset,Carlos,68,184651.6,124304.45,60347.15000000001
2022-02-28,Sudeste,Notebook,Carlos,57,280059.64,174274.19,105785.45000000001
2022-02-28,Sudeste,Smartphone,Carlos,51,200959.13,135056.33,65902.80000000002
2022-02-28,Sudeste,Impressora,Eduardo,39,54683.28,29134.12,25549.16
2022-02-28,Sudeste,Monitor,Daniela,49,121332.53,91495.73,29836.800000000003
2022-02-28,Sudeste,Headset,Carlos,67,299864.63,190262.82,109601.81
2022-02-28,Sul,Notebook,Eduardo,51,169302.98,131703.29,37599.69
2022-02-28,Sul,Smartphone,Bruno,26,93463.48,66995.75,26467.729999999996
2022-02-28,Sul,Impressora,Fernanda,14,15469.41,9124.15,6345.26
2022-02-28,Sul,Monitor,Daniela,70,140023.31,100804.93,39218.380000000005
2022-02-28,Sul,Headset,Fernanda,61,248286.66,197925.14,50361.51999999999
2022-02-28,Centro-Oeste,Notebook,Bruno,12,59711.03,31464.35,28246.68
2022-02-28,Centro-Oeste,Smartphone,Fernanda,11,7686.02,4631.09,3054.9300000000003
2022-02-28,Centro-Oeste,Impressora,Eduardo,5,4053.16,2033.47,2019.6899999999998
2022-02-28,Centro-Oeste,Monitor,Eduardo,64,221659.67,161774.94,59884.73000000001
2022-02-28,Centro-Oeste,Headset,Daniela,39,127187.52,66974.59,60212.93000000001
2022-02-28,Norte,Notebook,Ana,38,32278.04,20085.42,12192.620000000003
2022-02-28,Norte,Smartphone,Fernanda,99,78907.39,47711.05,31196.339999999997
2022-02-28,Norte,Impressora,Carlos,18,74467.05,58404.99,16062.060000000005
2022-02-28,Norte,Monitor,Bruno,49,235102.9,154409.23,80693.66999999998
2022-02-28,Norte,Headset,Bruno,44,44360.47,33386.68,10973.79
2022-03-31,Nordeste,Notebook,Daniela,20,53043.39,28832.21,24211.18
2022-03-31,Nordeste,Smartphone,Bruno,17,59514.36,33526.45,25987.910000000003
2022-03-31,Nordeste,Impressora,Bruno,43,99152.72,58277.46,40875.26
2022-03-31,Nordeste,Monitor,Fernanda,59,270072.47,161084.38,108988.08999999997
2022-03-31,Nordeste,Headset,Eduardo,43,65236.61,45153.05,20083.559999999998
2022-03-31,Sudeste,Notebook,Eduardo,17,54667.22,33201.82,21465.4
2022-03-31,Sudeste,Smartphone,Ana,29,30541.15,23412.77,7128.380000000001
2022-03-31,Sudeste,Impressora,Fernanda,78,244638.54,168173.13,76465.41
2022-03-31,Sudeste,Monitor,Daniela,24,85722.66,49083.04,36639.62
2022-03-31,Sudeste,Headset,Daniela,57,234715.36,156261.82,78453.53999999998
2022-03-31,Sul,Notebook,Daniela,81,374670.57,268337.77,106332.79999999999
2022-03-31,Sul,Smartphone,Daniela,35,62273.17,33636.76,28636.409999999996
2022-03-31,Sul,Impressora,Bruno,79,136034.98,84441.53,51593.45000000001
2022-03-31,Sul,Monitor,Ana,99,133717.11,98269.37,35447.73999999999
2022-03-31,Sul,Headset,Bruno,90,331325.48,171893.94,159431.53999999998
2022-03-31,Centro-Oeste,Notebook,Bruno,12,6206.28,3562.7,2643.58
2022-03-31,Centro-Oeste,Smartphone,Ana,68,130778.67,69386.94,61391.729999999996
2022-03-31,Centro-Oeste,Impressora,Ana,23,69975.88,53179.18,16796.700000000004
2022-03-31,Centro-Oeste,Monitor,Daniela,86,388154.52,244593.72,143560.80000000002
2022-03-31,Centro-Oeste,Headset,Ana,74,162646.91,128364.77,34282.14
2022-03-31,Norte,Notebook,Eduardo,21,75423.32,48885.19,26538.130000000005
2022-03-31,Norte,Smartphone,Ana,64,214221.02,152344.81,61876.20999999999
2022-03-31,Norte,Impressora,Bruno,51,63815.73,45558.93,18256.800000000003
2022-03-31,Norte,Monitor,Eduardo,37,64860.16,34951.86,29908.300000000003
2022-03-31,Norte,Headset,Daniela,51,242143.94,140610.66,101533.28
2022-04-30,Nordeste,Notebook,Daniela,87,291844.01,233428.47,58415.54000000001
2022-04-30,Nordeste,Smartphone,Ana,52,116118.11,88220.27,27897.839999999997
2022-04-30,Nordeste,Impressora,Carlos,51,50969.34,35185.53,15783.809999999998
2022-04-30,Nordeste,Monitor,Carlos,75,296554.07,185331.86,111222.21000000002
2022-04-30,Nordeste,Headset,Eduardo,35,130845.48,79992.18,50853.3
2022-04-30,Sudeste,Notebook,Fernanda,79,299191.46,207732.8,91458.66000000003
2022-04-30,Sudeste,Smartphone,Daniela,91,294374.49,173266.01,121108.47999999998
2022-04-30,Sudeste,Impressora,Daniela,22,83972.56,66537.97,17434.589999999997
2022-04-30,Sudeste,Monitor,Daniela,25,89246.81,57157.79,32089.019999999997
2022-04-30,Sudeste,Headset,Ana,25,44833.58,27363.54,17470.04
2022-04-30,Sul,Notebook,Ana,53,53095.66,34764.84,18330.820000000007
2022-04-30,Sul,Smartphone,Daniela,51,217242.71,109578.97,107663.73999999999
2022-04-30,Sul,Impressora,Eduardo,28,119621.44,85267.94,34353.5
2022-04-30,Sul,Monitor,Fernanda,14,8979.57,6473.02,2506.5499999999993
2022-04-30,Sul,Headset,Fernanda,21,96123.23,55751.72,40371.509999999995
2022-04-30,Centro-Oeste,Notebook,Eduardo,47,209122.34,107174.58,101947.76
2022-04-30,Centro-Oeste,Smartphone,Bruno,69,131333.73,96162.22,35171.51000000001
2022-04-30,Centro-Oeste,Impressora,Ana,96,469637.97,252507.93,217130.03999999998
2022-04-30,Centro-Oeste,Monitor,Eduardo,46,182422.75,135384.43,47038.32000000001
2022-04-30,Centro-Oeste,Headset,Bruno,41,69500.03,35115.98,34384.049999999996
2022-04-30,Norte,Notebook,Eduardo,29,115395.01,75628.53,39766.479999999996
2022-04-30,Norte,Smartphone,Daniela,61,132542.44,66325.04,66217.40000000001
2022-04-30,Norte,Impressora,Carlos,81,395593.87,298324.56,97269.31
2022-04-30,Norte,Monitor,Ana,36,163566.82,120214.99,43351.83
2022-04-30,Norte,Headset,Ana,76,108826.46,59386.42,49440.04000000001
2022-05-31,Nordeste,Notebook,Carlos,33,50392.95,28924.6,21468.35
2022-05-31,Nordeste,Smartphone,Daniela,81,312943.49,200954.45,111989.03999999998
2022-05-31,Nordeste,Impressora,Bruno,8,38480.43,30123.15,8357.279999999999
2022-05-31,Nordeste,Monitor,Eduardo,60,297658.53,197450.21,100208.32000000004
2022-05-31,Nordeste,Headset,Daniela,26,55784.65,31664.17,24120.480000000003
2022-05-31,Sudeste,Notebook,Daniela,75,85021.0,58385.97,26635.03
2022-05-31,Sudeste,Smartphone,Bruno,49,85410.33,67858.17,17552.160000000003
2022-05-31,Sudeste,Impressora,Daniela,99,349825.05,202188.9,147636.15
2022-05-31,Sudeste,Monitor,Ana,51,236063.0,138604.71,97458.29000000001
2022-05-31,Sudeste,Headset,Daniela,61,274843.74,195775.71,79068.03
2022-05-31,Sul,Notebook,Bruno,30,34885.91,17525.02,17360.890000000003
2022-05-31,Sul,Smartphone,Daniela,79,55342.44,34572.02,20770.420000000006
2022-05-31,Sul,Impressora,Fernanda,31,121671.82,73767.23,47904.59000000001
2022-05-31,Sul,Monitor,Bruno,25,120759.9,82874.21,37885.68999999999
2022-05-31,Sul,Headset,Fernanda,90,353146.01,234509.39,118636.62
2022-05-31,Centro-Oeste,Notebook,Fernanda,17,43582.74,29124.71,14458.029999999999
2022-05-31,Centro-Oeste,Smartphone,Fernanda,97,258602.02,198943.15,59658.869999999995
2022-05-31,Centro-Oeste,Impressora,Daniela,37,41310.34,32986.08,8324.259999999995
2022-05-31,Centro-Oeste,Monitor,Bruno,15,33950.44,23688.38,10262.060000000001
2022-05-31,Centro-Oeste,Headset,Ana,20,67288.48,43701.9,23586.579999999994
2022-05-31,Norte,Notebook,Carlos,94,268034.3,151636.45,116397.84999999998
2022-05-31,Norte,Smartphone,Eduardo,93,431263.63,238414.89,192848.74
2022-05-31,Norte,Impressora,Fernanda,86,422715.82,235466.36,187249.46000000002
2022-05-31,Norte,Monitor,Carlos,33,151322.97,118502.6,32820.369999999995
2022-05-31,Norte,Headset,Carlos,47,133788.71,106120.19,27668.51999999999
2022-06-30,Nordeste,Notebook,Eduardo,12,47746.81,28313.86,19432.949999999997
2022-06-30,Nordeste,Smartphone,Fernanda,69,176781.86,129829.42,46952.43999999999
2022-06-30,Nordeste,Impressora,Daniela,92,362121.73,273967.58,88154.14999999997
2022-06-30,Nordeste,Monitor,Daniela,13,55371.36,40716.01,14655.349999999999
2022-06-30,Nordeste,Headset,Daniela,32,48929.46,33776.45,15153.010000000002
2022-06-30,Sudeste,Notebook,Bruno,70,197125.34,146362.14,50763.19999999998
2022-06-30,Sudeste,Smartphone,Fernanda,31,19569.18,12607.78,6961.4
2022-06-30,Sudeste,Impressora,Eduardo,49,50629.83,29702.77,20927.06
2022-06-30,Sudeste,Monitor,Carlos,38,188846.61,96967.71,91878.89999999998
2022-06-30,Sudeste,Headset,Eduardo,75,162956.87,100664.56,62292.31
2022-06-30,Sul,Notebook,Eduardo,98,454026.06,356536.94,97489.12
2022-06-30,Sul,Smartphone,Carlos,94,198062.25,145826.25,52236.0
2022-06-30,Sul,Impressora,Daniela,97,294718.31,179063.05,115655.26000000001
2022-06-30,Sul,Monitor,Daniela,69,109143.86,60845.29,48298.57
2022-06-30,Sul,Headset,Eduardo,24,22994.8,14987.72,8007.08
2022-06-30,Centro-Oeste,Notebook,Carlos,45,30383.32,15519.97,14863.35
2022-06-30,Centro-Oeste,Smartphone,Ana,26,114412.13,66901.76,47510.37000000001
2022-06-30,Centro-Oeste,Impressora,Eduardo,72,224445.62,141621.65,82823.97
2022-06-30,Centro-Oeste,Monitor,Carlos,25,70628.57,51391.67,19236.90000000001
2022-06-30,Centro-Oeste,Headset,Carlos,64,155869.63,120195.32,35674.31
2022-06-30,Norte,Notebook,Bruno,44,101386.47,73903.89,27482.58
2022-06-30,Norte,Smartphone,Bruno,88,241025.78,135312.85,105712.93
2022-06-30,Norte,Impressora,Eduardo,12,16051.34,9622.29,6429.049999999999
2022-06-30,Norte,Monitor,Fernanda,32,107590.12,65555.33,42034.78999999999
2022-06-30,Norte,Headset,Bruno,19,84696.96,54036.72,30660.240000000005
2022-07-31,Nordeste,Notebook,Carlos,44,31432.97,22569.65,8863.32
2022-07-31,Nordeste,Smartphone,Eduardo,28,58427.93,43671.16,14756.769999999997
2022-07-31,Nordeste,Impressora,Bruno,61,157674.11,80984.73,76689.37999999999
2022-07-31,Nordeste,Monitor,Daniela,27,126617.71,78192.41,48425.3
2022-07-31,Nordeste,Headset,Eduardo,66,191010.44,129338.77,61671.67
2022-07-31,Sudeste,Notebook,Daniela,58,123528.0,88561.98,34966.020000000004
2022-07-31,Sudeste,Smartphone,Fernanda,89,166228.98,94605.07,71623.91
2022-07-31,Sudeste,Impressora,Carlos,90,340384.64,268922.13,71462.51000000001
2022-07-31,Sudeste,Monitor,Fernanda,40,153541.34,115851.18,37690.16
2022-07-31,Sudeste,Headset,Bruno,54,244737.91,182429.61,62308.30000000002
2022-07-31,Sul,Notebook,Carlos,55,72449.46,44287.07,28162.390000000007
2022-07-31,Sul,Smartphone,Carlos,51,210636.16,167552.12,43084.04000000001
2022-07-31,Sul,Impressora,Fernanda,89,261759.64,142627.7,119131.94
2022-07-31,Sul,Monitor,Carlos,35,136228.18,68958.9,67269.28
2022-07-31,Sul,Headset,Bruno,13,22227.53,15304.33,6923.199999999999
2022-07-31,Centro-Oeste,Notebook,Fernanda,21,67346.84,39665.13,27681.71
2022-07-31,Centro-Oeste,Smartphone,Ana,25,75510.32,55441.15,20069.170000000006
2022-07-31,Centro-Oeste,Impressora,Ana,55,118896.99,92725.08,26171.910000000003
2022-07-31,Centro-Oeste,Monitor,Bruno,19,70574.93,45063.14,25511.789999999994
2022-07-31,Centro-Oeste,Headset,Ana,27,28702.72,21674.61,7028.110000000001
2022-07-31,Norte,Notebook,Ana,85,54303.15,27997.0,26306.15
2022-07-31,Norte,Smartphone,Ana,17,24824.59,17365.89,7458.700000000001
2022-07-31,Norte,Impressora,Eduardo,7,7244.54,5284.28,1960.2600000000002
2022-07-31,Norte,Monitor,Eduardo,59,175341.74,104082.02,71259.71999999999
2022-07-31,Norte,Headset,Bruno,19,52820.51,32546.48,20274.030000000002
2022-08-31,Nordeste,Notebook,Daniela,22,12590.12,9249.35,3340.7700000000004
2022-08-31,Nordeste,Smartphone,Carlos,82,300665.22,237849.38,62815.83999999997
2022-08-31,Nordeste,Impressora,Eduardo,8,24123.3,15688.02,8435.279999999999
2022-08-31,Nordeste,Monitor,Fernanda,53,155465.19,97768.76,57696.43000000001
2022-08-31,Nordeste,Headset,Eduardo,31,82775.88,44330.43,38445.450000000004
2022-08-31,Sudeste,Notebook,Fernanda,23,52543.31,28347.88,24195.429999999997
2022-08-31,Sudeste,Smartphone,Bruno,93,112318.84,66597.92,45720.92
2022-08-31,Sudeste,Impressora,Bruno,26,91706.25,67771.32,23934.929999999993
2022-08-31,Sudeste,Monitor,Fernanda,60,282530.22,213367.97,69162.24999999997
2022-08-31,Sudeste,Headset,Carlos,55,30508.8,21423.46,9085.34
2022-08-31,Sul,Notebook,Daniela,16,28709.56,16997.0,11712.560000000001
2022-08-31,Sul,Smartphone,Carlos,16,52733.06,31651.17,21081.89
2022-08-31,Sul,Impressora,Ana,32,74251.94,38648.58,35603.36
2022-08-31,Sul,Monitor,Carlos,37,66078.76,41618.39,24460.369999999995
2022-08-31,Sul,Headset,Carlos,90,179644.74,92871.97,86772.76999999999
2022-08-31,Centro-Oeste,Notebook,Daniela,37,125348.78,87925.12,37423.66
2022-08-31,Centro-Oeste,Smartphone,Fernanda,91,216807.72,157246.72,59561.0
2022-08-31,Centro-Oeste,Impressora,Daniela,33,64800.21,50698.5,14101.71
2022-08-31,Centro-Oeste,Monitor,Ana,61,33651.44,21369.84,12281.600000000002
2022-08-31,Centro-Oeste,Headset,Bruno,21,20244.97,13449.45,6795.52
2022-08-31,Norte,Notebook,Daniela,66,197982.14,110265.08,87717.06000000001
2022-08-31,Norte,Smartphone,Daniela,45,63899.22,41912.22,21987.0
2022-08-31,Norte,Impressora,Carlos,7,9967.99,6428.47,3539.5199999999995
2022-08-31,Norte,Monitor,Bruno,28,96751.26,76487.8,20263.459999999992
2022-08-31,Norte,Headset,Carlos,59,49938.05,26101.37,23836.680000000004
2022-09-30,Nordeste,Notebook,Fernanda,24,44107.41,23271.95,20835.460000000003
2022-09-30,Nordeste,Smartphone,Daniela,23,76047.65,52819.0,23228.649999999994
2022-09-30,Nordeste,Impressora,Fernanda,57,32375.89,25560.91,6814.98
2022-09-30,Nordeste,Monitor,Carlos,14,35393.25,24832.5,10560.75
2022-09-30,Nordeste,Headset,Fernanda,63,108355.79,73606.14,34749.649999999994
2022-09-30,Sudeste,Notebook,Eduardo,72,342741.73,182260.37,160481.36
2022-09-30,Sudeste,Smartphone,Bruno,57,270824.85,195254.04,75570.80999999997
2022-09-30,Sudeste,Impressora,Eduardo,26,86148.96,52728.89,33420.07000000001
2022-09-30,Sudeste,Monitor,Eduardo,32,106358.07,65482.97,40875.100000000006
2022-09-30,Sudeste,Headset,Ana,13,32839.87,25853.99,6985.880000000001
2022-09-30,Sul,Notebook,Daniela,77,329491.26,183382.37,146108.89
2022-09-30,Sul,Smartphone,Fernanda,52,181608.72,117938.9,63669.82000000001
2022-09-30,Sul,Impressora,Carlos,58,114358.65,87715.04,26643.61
2022-09-30,Sul,Monitor,Eduardo,29,71139.74,41091.27,30048.47000000001
2022-09-30,Sul,Headset,Eduardo,77,190400.4,152106.82,38293.57999999999
2022-09-30,Centro-Oeste,Notebook,Daniela,21,62179.78,43600.63,18579.15
2022-09-30,Centro-Oeste,Smartphone,Bruno,88,124793.77,86881.2,37912.57000000001
2022-09-30,Centro-Oeste,Impressora,Eduardo,27,19577.26,15142.15,4435.109999999999
2022-09-30,Centro-Oeste,Monitor,Ana,73,61842.19,47825.69,14016.5
2022-09-30,Centro-Oeste,Headset,Carlos,65,156745.67,88499.13,68246.54000000001
2022-09-30,Norte,Notebook,Ana,79,250952.54,153497.66,97454.88
2022-09-30,Norte,Smartphone,Bruno,86,354569.95,264826.58,89743.37
2022-09-30,Norte,Impressora,Carlos,67,197592.57,110668.56,86924.01000000001
2022-09-30,Norte,Monitor,Bruno,69,113167.4,90114.96,23052.439999999988
2022-09-30,Norte,Headset,Carlos,85,394693.23,266550.02,128143.20999999996
2022-10-31,Nordeste,Notebook,Ana,43,73523.16,44888.44,28634.72
2022-10-31,Nordeste,Smartphone,Fernanda,41,143462.43,105619.35,37843.07999999999
2022-10-31,Nordeste,Impressora,Eduardo,6,20016.67,11499.88,8516.789999999999
2022-10-31,Nordeste,Monitor,Daniela,44,109624.01,76166.4,33457.61
2022-10-31,Nordeste,Headset,Eduardo,83,65406.37,48886.22,16520.15
2022-10-31,Sudeste,Notebook,Fernanda,15,47922.06,26852.15,21069.909999999996
2022-10-31,Sudeste,Smartphone,Fernanda,11,8280.72,5360.35,2920.369999999999
2022-10-31,Sudeste,Impressora,Daniela,96,93529.87,68214.35,25315.51999999999
2022-10-31,Sudeste,Monitor,Fernanda,42,144827.83,83720.77,61107.05999999998
2022-10-31,Sudeste,Headset,Fernanda,89,108765.28,56682.76,52082.52
2022-10-31,Sul,Notebook,Bruno,96,334942.77,256066.16,78876.61000000002
2022-10-31,Sul,Smartphone,Eduardo,51,182738.32,97423.2,85315.12000000001
2022-10-31,Sul,Impressora,Eduardo,5,9470.65,5445.5,4025.1499999999996
2022-10-31,Sul,Monitor,Bruno,27,44468.19,32139.8,12328.390000000003
2022-10-31,Sul,Headset,Bruno,56,247904.22,185540.21,62364.01000000001
2022-10-31,Centro-Oeste,Notebook,Fernanda,36,149110.55,109731.55,39378.999999999985
2022-10-31,Centro-Oeste,Smartphone,Fernanda,53,147093.75,115076.77,32016.979999999996
2022-10-31,Centro-Oeste,Impressora,Ana,89,406375.16,212652.96,193722.19999999998
2022-10-31,Centro-Oeste,Monitor,Eduardo,39,80730.21,52997.75,27732.460000000006
2022-10-31,Centro-Oeste,Headset,Eduardo,46,206065.95,124347.29,81718.66000000002
2022-10-31,Norte,Notebook,Carlos,34,84199.22,57521.88,26677.340000000004
2022-10-31,Norte,Smartphone,Eduardo,41,96346.77,69040.05,27306.72
2022-10-31,Norte,Impressora,Daniela,27,65697.44,47445.9,18251.54
2022-10-31,Norte,Monitor,Eduardo,70,202545.06,149241.21,53303.850000000006
2022-10-31,Norte,Headset,Fernanda,26,76340.24,46076.6,30263.640000000007
2022-11-30,Nordeste,Notebook,Fernanda,36,162318.6,92921.07,69397.53
2022-11-30,Nordeste,Smartphone,Bruno,40,41314.71,23283.66,18031.05
2022-11-30,Nordeste,Impressora,Carlos,82,102597.57,58800.6,43796.97000000001
2022-11-30,Nordeste,Monitor,Carlos,19,73572.88,49409.61,24163.270000000004
2022-11-30,Nordeste,Headset,Carlos,13,30822.84,19377.81,11445.029999999999
2022-11-30,Sudeste,Notebook,Carlos,71,258009.32,183352.73,74656.59
2022-11-30,Sudeste,Smartphone,Ana,33,90766.74,56601.0,34165.740000000005
2022-11-30,Sudeste,Impressora,Fernanda,5,16706.93,11022.41,5684.52
2022-11-30,Sudeste,Monitor,Eduardo,52,167719.27,89756.84,77962.43
2022-11-30,Sudeste,Headset,Eduardo,43,49139.92,34772.49,14367.43
2022-11-30,Sul,Notebook,Eduardo,73,287737.12,202471.78,85265.34
2022-11-30,Sul,Smartphone,Bruno,53,253418.92,185742.59,67676.33000000002
2022-11-30,Sul,Impressora,Fernanda,21,91515.69,64241.63,27274.060000000005
2022-11-30,Sul,Monitor,Carlos,83,372278.98,210922.15,161356.83
2022-11-30,Sul,Headset,Bruno,20,10898.09,7814.29,3083.8
2022-11-30,Centro-Oeste,Notebook,Ana,97,407036.02,306497.25,100538.77000000002
2022-11-30,Centro-Oeste,Smartphone,Carlos,55,98163.42,64736.15,33427.27
2022-11-30,Centro-Oeste,Impressora,Eduardo,87,364764.41,226653.88,138110.52999999997
2022-11-30,Centro-Oeste,Monitor,Carlos,15,12609.73,7771.98,4837.75
2022-11-30,Centro-Oeste,Headset,Bruno,55,97018.29,54561.81,42456.479999999996
2022-11-30,Norte,Notebook,Fernanda,10,22523.22,14922.27,7600.950000000001
2022-11-30,Norte,Smartphone,Daniela,83,66361.93,46088.05,20273.87999999999
2022-11-30,Norte,Impressora,Eduardo,86,188306.48,139562.28,48744.20000000001
2022-11-30,Norte,Monitor,Daniela,68,322419.06,165353.02,157066.04
2022-11-30,Norte,Headset,Carlos,87,70906.38,50965.41,19940.97
2022-12-31,Nordeste,Notebook,Carlos,59,127621.95,81585.08,46036.869999999995
2022-12-31,Nordeste,Smartphone,Daniela,79,272967.33,194524.63,78442.70000000001
2022-12-31,Nordeste,Impressora,Carlos,34,50303.11,35136.99,15166.120000000003
2022-12-31,Nordeste,Monitor,Ana,13,6810.84,5049.2,1761.6400000000003
2022-12-31,Nordeste,Headset,Eduardo,83,59673.64,40238.2,19435.440000000002
2022-12-31,Sudeste,Notebook,Ana,62,249166.83,180776.54,68390.28999999998
2022-12-31,Sudeste,Smartphone,Bruno,85,48095.31,27037.87,21057.44
2022-12-31,Sudeste,Impressora,Daniela,33,73913.1,51646.42,22266.680000000008
2022-12-31,Sudeste,Monitor,Daniela,10,38749.0,29932.38,8816.619999999999
2022-12-31,Sudeste,Headset,Carlos,25,86089.93,66008.46,20081.469999999987
2022-12-31,Sul,Notebook,Eduardo,90,352098.25,208467.29,143630.96
2022-12-31,Sul,Smartphone,Eduardo,17,63027.49,38816.34,24211.15
2022-12-31,Sul,Impressora,Carlos,61,96791.92,54636.5,42155.42
2022-12-31,Sul,Monitor,Fernanda,98,449356.78,293033.6,156323.18000000005
2022-12-31,Sul,Headset,Ana,94,341474.05,209951.78,131522.27
2022-12-31,Centro-Oeste,Notebook,Bruno,27,93630.56,69181.04,24449.520000000004
2022-12-31,Centro-Oeste,Smartphone,Fernanda,42,121784.51,84156.57,37627.93999999999
2022-12-31,Centro-Oeste,Impressora,Carlos,98,148243.47,97635.72,50607.75
2022-12-31,Centro-Oeste,Monitor,Daniela,25,90647.11,51271.34,39375.770000000004
2022-12-31,Centro-Oeste,Headset,Daniela,11,18599.43,12993.39,5606.040000000001
2022-12-31,Norte,Notebook,Daniela,27,132971.64,97868.79,35102.85000000002
2022-12-31,Norte,Smartphone,Bruno,88,189865.5,119559.04,70306.46
2022-12-31,Norte,Impressora,Ana,41,68391.85,34886.88,33504.97000000001
2022-12-31,Norte,Monitor,Eduardo,39,164169.37,113114.66,51054.70999999999
2022-12-31,Norte,Headset,Fernanda,54,217456.69,136714.04,80742.65
2023-01-31,Nordeste,Notebook,Fernanda,63,177275.99,127792.71,49483.279999999984
2023-01-31,Nordeste,Smartphone,Eduardo,22,94642.26,54391.16,40251.09999999999
2023-01-31,Nordeste,Impressora,Fernanda,42,38939.49,31138.66,7800.829999999998
2023-01-31,Nordeste,Monitor,Carlos,65,251343.79,186496.97,64846.82000000001
2023-01-31,Nordeste,Headset,Bruno,71,354242.24,202785.6,151456.63999999998
2023-01-31,Sudeste,Notebook,Eduardo,17,18451.17,9349.72,9101.449999999999
2023-01-31,Sudeste,Smartphone,Carlos,25,100670.55,67434.59,33235.96000000001
2023-01-31,Sudeste,Impressora,Daniela,52,99053.95,49994.79,49059.159999999996
2023-01-31,Sudeste,Monitor,Fernanda,28,92591.63,67470.67,25120.960000000006
2023-01-31,Sudeste,Headset,Carlos,62,188187.3,129356.98,58830.31999999999
2023-01-31,Sul,Notebook,Eduardo,14,31607.4,16461.09,15146.310000000001
2023-01-31,Sul,Smartphone,Eduardo,23,57277.41,40794.06,16483.350000000006
2023-01-31,Sul,Impressora,Carlos,29,44368.25,30128.51,14239.740000000002
2023-01-31,Sul,Monitor,Carlos,59,193718.93,133650.91,60068.01999999999
2023-01-31,Sul,Headset,Eduardo,55,137157.19,88911.37,48245.82000000001
2023-01-31,Centro-Oeste,Notebook,Fernanda,46,171025.73,115946.46,55079.270000000004
2023-01-31,Centro-Oeste,Smartphone,Carlos,36,91671.82,64393.58,27278.240000000005
2023-01-31,Centro-Oeste,Impressora,Fernanda,86,85594.49,66550.93,19043.560000000012
2023-01-31,Centro-Oeste,Monitor,Daniela,9,6702.83,4646.91,2055.92
2023-01-31,Centro-Oeste,Headset,Ana,58,100850.22,55151.15,45699.07
2023-01-31,Norte,Notebook,Daniela,69,90190.04,64173.98,26016.05999999999
2023-01-31,Norte,Smartphone,Fernanda,51,129443.09,101564.07,27879.01999999999
2023-01-31,Norte,Impressora,Bruno,24,86022.7,43655.65,42367.049999999996
2023-01-31,Norte,Monitor,Carlos,47,119431.96,76013.87,43418.09000000001
2023-01-31,Norte,Headset,Daniela,98,450403.95,311548.76,138855.19
2023-02-28,Nordeste,Notebook,Bruno,98,437792.5,295663.14,142129.36
2023-02-28,Nordeste,Smartphone,Ana,70,325211.87,219504.1,105707.76999999999
2023-02-28,Nordeste,Impressora,Daniela,44,139628.39,99246.75,40381.640000000014
2023-02-28,Nordeste,Monitor,Eduardo,44,67697.34,52445.24,15252.099999999999
2023-02-28,Nordeste,Headset,Daniela,59,263913.88,184136.31,79777.57
2023-02-28,Sudeste,Notebook,Eduardo,63,282707.49,158032.38,124675.10999999999
2023-02-28,Sudeste,Smartphone,Eduardo,91,162829.76,120623.0,42206.76000000001
2023-02-28,Sudeste,Impressora,Carlos,55,34931.44,26869.6,8061.840000000004
2023-02-28,Sudeste,Monitor,Ana,12,56801.76,41622.82,15178.940000000002
2023-02-28,Sudeste,Headset,Fernanda,24,49530.76,31235.0,18295.760000000002
2023-02-28,Sul,Notebook,Daniela,53,186130.1,142867.5,43262.600000000006
2023-02-28,Sul,Smartphone,Eduardo,23,68619.28,50560.25,18059.03
2023-02-28,Sul,Impressora,Daniela,62,94993.05,60865.1,34127.950000000004
2023-02-28,Sul,Monitor,Fernanda,92,87804.94,48314.43,39490.51
2023-02-28,Sul,Headset,Eduardo,88,429338.41,312467.24,116871.16999999998
2023-02-28,Centro-Oeste,Notebook,Daniela,60,72004.29,40479.51,31524.77999999999
2023-02-28,Centro-Oeste,Smartphone,Eduardo,98,58049.68,43420.32,14629.36
2023-02-28,Centro-Oeste,Impressora,Daniela,53,110856.66,65487.87,45368.79
2023-02-28,Centro-Oeste,Monitor,Daniela,30,124218.19,67584.21,56633.979999999996
2023-02-28,Centro-Oeste,Headset,Fernanda,92,110139.08,57803.31,52335.770000000004
2023-02-28,Norte,Notebook,Bruno,35,65131.07,43574.15,21556.92
2023-02-28,Norte,Smartphone,Fernanda,73,193685.97,142197.81,51488.16
2023-02-28,Norte,Impressora,Fernanda,28,92623.81,53915.59,38708.22
2023-02-28,Norte,Monitor,Fernanda,91,79190.52,50513.67,28676.850000000006
2023-02-28,Norte,Headset,Bruno,61,226818.68,132592.69,94225.98999999999
2023-03-31,Nordeste,Notebook,Bruno,13,17657.47,10667.21,6990.260000000002
2023-03-31,Nordeste,Smartphone,Bruno,80,319737.74,242572.52,77165.22
2023-03-31,Nordeste,Impressora,Eduardo,85,335173.83,262148.08,73025.75
2023-03-31,Nordeste,Monitor,Bruno,95,270979.96,173768.67,97211.29000000001
2023-03-31,Nordeste,Headset,Ana,67,202213.02,142784.99,59428.03
2023-03-31,Sudeste,Notebook,Daniela,75,76991.46,56967.16,20024.300000000003
2023-03-31,Sudeste,Smartphone,Daniela,63,247653.71,133188.32,114465.38999999998
2023-03-31,Sudeste,Impressora,Eduardo,85,355330.04,232046.33,123283.70999999999
2023-03-31,Sudeste,Monitor,Eduardo,64,173011.85,119970.49,53041.36
2023-03-31,Sudeste,Headset,Daniela,43,201904.45,145872.09,56032.360000000015
2023-03-31,Sul,Notebook,Carlos,67,205619.54,114238.33,91381.21
2023-03-31,Sul,Smartphone,Fernanda,71,105377.78,58469.0,46908.78
2023-03-31,Sul,Impressora,Bruno,84,149997.46,116718.59,33278.869999999995
2023-03-31,Sul,Monitor,Fernanda,61,246159.03,141748.1,104410.93
2023-03-31,Sul,Headset,Bruno,7,31660.53,19035.71,12624.82
2023-03-31,Centro-Oeste,Notebook,Carlos,35,107782.65,64809.15,42973.49999999999
2023-03-31,Centro-Oeste,Smartphone,Daniela,93,57061.83,32855.85,24205.980000000003
2023-03-31,Centro-Oeste,Impressora,Eduardo,88,142868.91,82717.41,60151.5
2023-03-31,Centro-Oeste,Monitor,Eduardo,49,216482.52,159716.14,56766.379999999976
2023-03-31,Centro-Oeste,Headset,Daniela,81,125084.32,72500.25,52584.07000000001
2023-03-31,Norte,Notebook,Ana,19,26557.7,15620.84,10936.86
2023-03-31,Norte,Smartphone,Bruno,95,64625.27,37963.36,26661.909999999996
2023-03-31,Norte,Impressora,Carlos,94,379398.75,256847.02,122551.73000000001
2023-03-31,Norte,Monitor,Eduardo,32,125522.89,68579.14,56943.75
2023-03-31,Norte,Headset,Bruno,86,241500.88,171761.46,69739.42000000001
2023-04-30,Nordeste,Notebook,Eduardo,97,357595.18,229828.69,127766.48999999999
2023-04-30,Nordeste,Smartphone,Carlos,89,350038.78,179792.43,170246.35000000003
2023-04-30,Nordeste,Impressora,Ana,44,66894.75,46893.88,20000.870000000003
2023-04-30,Nordeste,Monitor,Daniela,78,310517.01,166753.92,143763.09
2023-04-30,Nordeste,Headset,Daniela,34,101327.47,63983.6,37343.87
2023-04-30,Sudeste,Notebook,Fernanda,5,20410.17,14820.23,5589.939999999999
2023-04-30,Sudeste,Smartphone,Ana,36,26037.53,18678.79,7358.739999999998
2023-04-30,Sudeste,Impressora,Fernanda,61,82418.68,64015.44,18403.23999999999
2023-04-30,Sudeste,Monitor,Daniela,69,224144.31,125510.14,98634.17
2023-04-30,Sudeste,Headset,Carlos,15,45871.38,31901.47,13969.909999999996
2023-04-30,Sul,Notebook,Ana,36,108145.91,81860.83,26285.08
2023-04-30,Sul,Smartphone,Fernanda,90,71796.9,36311.04,35485.85999999999
2023-04-30,Sul,Impressora,Carlos,58,51850.2,30324.09,21526.109999999997
2023-04-30,Sul,Monitor,Carlos,15,27244.86,16337.7,10907.16
2023-04-30,Sul,Headset,Bruno,67,46012.0,31800.2,14211.8
2023-04-30,Centro-Oeste,Notebook,Carlos,21,72244.74,40290.38,31954.360000000008
2023-04-30,Centro-Oeste,Smartphone,Daniela,70,230179.02,156496.01,73683.00999999998
2023-04-30,Centro-Oeste,Impressora,Daniela,72,149533.89,115721.18,33812.71000000002
2023-04-30,Centro-Oeste,Monitor,Daniela,62,158117.74,111225.42,46892.31999999999
2023-04-30,Centro-Oeste,Headset,Ana,64,317151.35,188249.57,128901.77999999997
2023-04-30,Norte,Notebook,Carlos,60,149555.5,86490.12,63065.380000000005
2023-04-30,Norte,Smartphone,Bruno,52,221289.8,172748.85,48540.94999999998
2023-04-30,Norte,Impressora,Bruno,8,11145.68,6124.17,5021.51
2023-04-30,Norte,Monitor,Daniela,35,41199.38,32564.94,8634.439999999999
2023-04-30,Norte,Headset,Ana,38,51386.27,25770.63,25615.639999999996
2023-05-31,Nordeste,Notebook,Fernanda,77,298782.88,216964.3,81818.58000000002
2023-05-31,Nordeste,Smartphone,Bruno,87,397556.85,296268.25,101288.59999999998
2023-05-31,Nordeste,Impressora,Bruno,31,23256.97,11676.47,11580.500000000002
2023-05-31,Nordeste,Monitor,Daniela,57,92486.03,66140.1,26345.929999999993
2023-05-31,Nordeste,Headset,Bruno,88,343955.92,202425.52,141530.4
2023-05-31,Sudeste,Notebook,Ana,93,351884.43,275196.94,76687.48999999999
2023-05-31,Sudeste,Smartphone,Eduardo,93,407722.22,304465.92,103256.29999999999
2023-05-31,Sudeste,Impressora,Eduardo,66,177287.78,94862.62,82425.16
2023-05-31,Sudeste,Monitor,Eduardo,19,90716.42,49089.09,41627.33
2023-05-31,Sudeste,Headset,Fernanda,29,35954.92,19234.98,16719.94
2023-05-31,Sul,Notebook,Eduardo,74,337503.54,203577.85,133925.68999999997
2023-05-31,Sul,Smartphone,Daniela,95,445739.73,332653.02,113086.70999999996
2023-05-31,Sul,Impressora,Fernanda,27,98512.32,61398.51,37113.810000000005
2023-05-31,Sul,Monitor,Bruno,93,441002.87,231447.22,209555.65
2023-05-31,Sul,Headset,Carlos,65,260646.59,138043.95,122602.63999999998
2023-05-31,Centro-Oeste,Notebook,Eduardo,59,125489.24,66214.45,59274.79000000001
2023-05-31,Centro-Oeste,Smartphone,Fernanda,97,147269.15,113207.18,34061.97
2023-05-31,Centro-Oeste,Impressora,Bruno,69,251758.47,172475.5,79282.97
2023-05-31,Centro-Oeste,Monitor,Carlos,96,144362.81,109994.74,34368.06999999999
2023-05-31,Centro-Oeste,Headset,Eduardo,76,139354.3,108904.65,30449.649999999994
2023-05-31,Norte,Notebook,Fernanda,96,472901.03,273290.1,199610.93000000005
2023-05-31,Norte,Smartphone,Bruno,89,140648.33,76413.22,64235.109999999986
2023-05-31,Norte,Impressora,Daniela,93,336106.71,214227.26,121879.45000000001
2023-05-31,Norte,Monitor,Eduardo,5,8189.31,5513.78,2675.5300000000007
2023-05-31,Norte,Headset,Fernanda,46,193475.31,144372.99,49102.32000000001
2023-06-30,Nordeste,Notebook,Fernanda,84,179047.6,132802.18,46245.42000000001
2023-06-30,Nordeste,Smartphone,Ana,94,113003.15,84795.0,28208.149999999994
2023-06-30,Nordeste,Impressora,Fernanda,49,209920.37,118892.94,91027.43
2023-06-30,Nordeste,Monitor,Eduardo,19,79919.82,49181.32,30738.500000000007
2023-06-30,Nordeste,Headset,Ana,35,65267.53,50893.43,14374.099999999999
2023-06-30,Sudeste,Notebook,Fernanda,73,343236.69,242036.76,101199.93
2023-06-30,Sudeste,Smartphone,Ana,38,24584.7,15800.07,8784.630000000001
2023-06-30,Sudeste,Impressora,Daniela,10,12254.85,8540.68,3714.17
2023-06-30,Sudeste,Monitor,Bruno,8,24238.8,17316.83,6921.9699999999975
2023-06-30,Sudeste,Headset,Eduardo,11,26174.52,14000.95,12173.57
2023-06-30,Sul,Notebook,Carlos,67,316452.37,221052.53,95399.84
2023-06-30,Sul,Smartphone,Ana,39,81743.92,54375.97,27367.949999999997
2023-06-30,Sul,Impressora,Bruno,52,36947.89,22017.08,14930.809999999998
2023-06-30,Sul,Monitor,Eduardo,21,95480.1,75303.1,20177.0
2023-06-30,Sul,Headset,Carlos,36,139504.6,92003.05,47501.55
2023-06-30,Centro-Oeste,Notebook,Fernanda,41,33434.95,20682.12,12752.829999999998
2023-06-30,Centro-Oeste,Smartphone,Daniela,44,53048.92,39690.7,13358.220000000001
2023-06-30,Centro-Oeste,Impressora,Fernanda,8,19090.58,10508.62,8581.960000000001
2023-06-30,Centro-Oeste,Monitor,Eduardo,70,210467.76,119843.33,90624.43000000001
2023-06-30,Centro-Oeste,Headset,Carlos,35,168403.59,95338.96,73064.62999999999
2023-06-30,Norte,Notebook,Daniela,61,108924.54,57448.13,51476.409999999996
2023-06-30,Norte,Smartphone,Fernanda,22,15262.19,11206.86,4055.33
2023-06-30,Norte,Impressora,Daniela,47,212495.26,148197.7,64297.56
2023-06-30,Norte,Monitor,Fernanda,10,47442.87,27096.68,20346.190000000002
2023-06-30,Norte,Headset,Daniela,8,31652.61,20578.73,11073.880000000001
2023-07-31,Nordeste,Notebook,Bruno,22,35700.8,23713.95,11986.850000000002
2023-07-31,Nordeste,Smartphone,Ana,78,240137.81,143497.56,96640.25
2023-07-31,Nordeste,Impressora,Carlos,67,115507.58,57974.84,57532.740000000005
2023-07-31,Nordeste,Monitor,Ana,8,15676.45,8938.23,6738.220000000001
2023-07-31,Nordeste,Headset,Carlos,9,39216.26,29260.35,9955.910000000003
2023-07-31,Sudeste,Notebook,Carlos,26,28491.34,17512.93,10978.41
2023-07-31,Sudeste,Smartphone,Carlos,81,401476.12,203841.83,197634.29
2023-07-31,Sudeste,Impressora,Daniela,80,277422.15,195974.8,81447.35000000003
2023-07-31,Sudeste,Monitor,Ana,77,101280.01,69561.74,31718.26999999999
2023-07-31,Sudeste,Headset,Eduardo,51,139537.52,108153.11,31384.40999999999
2023-07-31,Sul,Notebook,Ana,32,34792.18,23297.75,11494.43
2023-07-31,Sul,Smartphone,Ana,78,354185.59,186031.84,168153.75000000003
2023-07-31,Sul,Impressora,Bruno,98,93208.29,47068.11,46140.17999999999
2023-07-31,Sul,Monitor,Fernanda,52,64146.47,36572.72,27573.75
2023-07-31,Sul,Headset,Carlos,89,378896.36,300240.19,78656.16999999998
2023-07-31,Centro-Oeste,Notebook,Ana,68,119647.15,69792.07,49855.07999999999
2023-07-31,Centro-Oeste,Smartphone,Ana,46,214871.68,121211.15,93660.53
2023-07-31,Centro-Oeste,Impressora,Ana,22,95937.55,69012.41,26925.14
2023-07-31,Centro-Oeste,Monitor,Fernanda,61,246633.6,145989.79,100643.81
2023-07-31,Centro-Oeste,Headset,Bruno,80,171080.6,114600.82,56479.78
2023-07-31,Norte,Notebook,Fernanda,6,4670.91,3085.65,1585.2599999999998
2023-07-31,Norte,Smartphone,Fernanda,67,48747.79,30605.64,18142.15
2023-07-31,Norte,Impressora,Fernanda,47,193894.72,109995.62,83899.1
2023-07-31,Norte,Monitor,Daniela,89,79580.31,41936.83,37643.479999999996
2023-07-31,Norte,Headset,Daniela,32,23280.52,16015.54,7264.98
2023-08-31,Nordeste,Notebook,Eduardo,34,59801.13,35856.73,23944.399999999994
2023-08-31,Nordeste,Smartphone,Eduardo,56,152118.92,96235.31,55883.610000000015
2023-08-31,Nordeste,Impressora,Carlos,19,43235.93,28491.71,14744.220000000001
2023-08-31,Nordeste,Monitor,Carlos,81,248992.5,184660.23,64332.26999999999
2023-08-31,Nordeste,Headset,Carlos,59,70360.42,38330.59,32029.83
2023-08-31,Sudeste,Notebook,Fernanda,67,142364.03,88626.83,53737.2
2023-08-31,Sudeste,Smartphone,Bruno,73,308286.63,208232.69,100053.94
2023-08-31,Sudeste,Impressora,Carlos,91,374267.57,214813.11,159454.46000000002
2023-08-31,Sudeste,Monitor,Fernanda,97,199012.89,119645.21,79367.68000000001
2023-08-31,Sudeste,Headset,Daniela,77,118192.84,73680.37,44512.47
2023-08-31,Sul,Notebook,Fernanda,83,350035.16,245699.35,104335.80999999997
2023-08-31,Sul,Smartphone,Daniela,54,123469.1,67524.64,55944.46000000001
2023-08-31,Sul,Impressora,Fernanda,79,167648.69,117585.64,50063.05
2023-08-31,Sul,Monitor,Eduardo,48,41545.6,33144.02,8401.580000000002
2023-08-31,Sul,Headset,Bruno,99,489841.55,388534.47,101307.08000000002
2023-08-31,Centro-Oeste,Notebook,Fernanda,35,121359.12,81716.2,39642.92
2023-08-31,Centro-Oeste,Smartphone,Eduardo,35,63086.72,40394.71,22692.010000000002
2023-08-31,Centro-Oeste,Impressora,Bruno,63,148072.5,93025.95,55046.55
2023-08-31,Centro-Oeste,Monitor,Daniela,92,279591.97,211140.13,68451.83999999997
2023-08-31,Centro-Oeste,Headset,Fernanda,43,202312.79,142979.77,59333.02000000002
2023-08-31,Norte,Notebook,Ana,15,45042.87,33054.94,11987.93
2023-08-31,Norte,Smartphone,Bruno,54,88620.94,56831.28,31789.660000000003
2023-08-31,Norte,Impressora,Carlos,96,132243.88,91992.53,40251.350000000006
2023-08-31,Norte,Monitor,Eduardo,75,122896.39,93360.54,29535.850000000006
2023-08-31,Norte,Headset,Daniela,23,24536.36,19475.63,5060.73
2023-09-30,Nordeste,Notebook,Carlos,79,340568.41,203421.11,137147.3
2023-09-30,Nordeste,Smartphone,Bruno,31,98396.73,67002.77,31393.959999999992
2023-09-30,Nordeste,Impressora,Bruno,64,32387.73,19867.61,12520.119999999999
2023-09-30,Nordeste,Monitor,Daniela,29,16899.39,10802.43,6096.959999999999
2023-09-30,Nordeste,Headset,Bruno,44,86116.28,60138.63,25977.65
2023-09-30,Sudeste,Notebook,Fernanda,46,74973.58,52116.2,22857.380000000005
2023-09-30,Sudeste,Smartphone,Eduardo,26,27274.87,19376.47,7898.399999999998
2023-09-30,Sudeste,Impressora,Carlos,45,224374.12,124535.65,99838.47
2023-09-30,Sudeste,Monitor,Ana,70,164582.99,88531.81,76051.18
2023-09-30,Sudeste,Headset,Bruno,77,254276.74,188680.27,65596.47
2023-09-30,Sul,Notebook,Daniela,43,143671.13,90213.9,53457.23000000001
2023-09-30,Sul,Smartphone,Daniela,40,51436.49,30284.76,21151.73
2023-09-30,Sul,Impressora,Ana,82,187819.26,139323.14,48496.119999999995
2023-09-30,Sul,Monitor,Eduardo,32,39889.75,20240.27,19649.48
2023-09-30,Sul,Headset,Eduardo,14,41441.87,31162.05,10279.820000000003
2023-09-30,Centro-Oeste,Notebook,Fernanda,38,175852.84,109376.45,66476.39
2023-09-30,Centro-Oeste,Smartphone,Fernanda,40,198461.64,142505.71,55955.93000000002
2023-09-30,Centro-Oeste,Impressora,Eduardo,60,243891.62,171433.45,72458.16999999998
2023-09-30,Centro-Oeste,Monitor,Daniela,24,114159.86,67211.3,46948.56
2023-09-30,Centro-Oeste,Headset,Eduardo,20,29610.22,20684.23,8925.990000000002
2023-09-30,Norte,Notebook,Carlos,82,204233.25,104718.76,99514.49
2023-09-30,Norte,Smartphone,Daniela,20,91243.5,68540.19,22703.309999999998
2023-09-30,Norte,Impressora,Eduardo,75,80116.51,59609.11,20507.399999999994
2023-09-30,Norte,Monitor,Ana,45,115785.64,75224.93,40560.71000000001
2023-09-30,Norte,Headset,Eduardo,31,71582.8,51445.25,20137.550000000003
2023-10-31,Nordeste,Notebook,Carlos,82,84622.67,42312.12,42310.549999999996
2023-10-31,Nordeste,Smartphone,Carlos,21,62886.71,34239.63,28647.08
2023-10-31,Nordeste,Impressora,Fernanda,91,379355.66,291467.04,87888.62
2023-10-31,Nordeste,Monitor,Daniela,39,177237.27,118028.25,59209.01999999999
2023-10-31,Nordeste,Headset,Ana,99,218780.68,149239.18,69541.5
2023-10-31,Sudeste,Notebook,Daniela,95,150227.88,79393.87,70834.01000000001
2023-10-31,Sudeste,Smartphone,Daniela,48,44875.28,24819.13,20056.149999999998
2023-10-31,Sudeste,Impressora,Fernanda,92,213556.18,112393.54,101162.64
2023-10-31,Sudeste,Monitor,Carlos,24,74933.16,55730.95,19202.210000000006
2023-10-31,Sudeste,Headset,Bruno,57,106923.33,66379.19,40544.14
2023-10-31,Sul,Notebook,Eduardo,88,314147.91,186783.5,127364.40999999997
2023-10-31,Sul,Smartphone,Carlos,37,123793.98,66662.78,57131.2
2023-10-31,Sul,Impressora,Carlos,80,246151.43,142035.05,104116.38
2023-10-31,Sul,Monitor,Daniela,23,87080.79,59715.81,27364.979999999996
2023-10-31,Sul,Headset,Eduardo,17,10465.26,6125.97,4339.29
2023-10-31,Centro-Oeste,Notebook,Daniela,57,232804.44,132643.21,100161.23000000001
2023-10-31,Centro-Oeste,Smartphone,Daniela,76,367510.14,195667.31,171842.83000000002
2023-10-31,Centro-Oeste,Impressora,Bruno,27,84645.99,56070.55,28575.440000000002
2023-10-31,Centro-Oeste,Monitor,Daniela,60,45397.27,24135.23,21262.039999999997
2023-10-31,Centro-Oeste,Headset,Daniela,83,244812.82,139573.23,105239.59
2023-10-31,Norte,Notebook,Bruno,46,192753.97,98781.34,93972.63
2023-10-31,Norte,Smartphone,Carlos,23,82843.63,47692.54,35151.090000000004
2023-10-31,Norte,Impressora,Fernanda,46,54861.34,43511.05,11350.289999999994
2023-10-31,Norte,Monitor,Carlos,56,212015.87,129212.38,82803.48999999999
2023-10-31,Norte,Headset,Carlos,65,323995.45,230078.74,93916.71000000002
2023-11-30,Nordeste,Notebook,Fernanda,16,33820.75,26157.03,7663.720000000001
2023-11-30,Nordeste,Smartphone,Fernanda,57,109495.81,56616.39,52879.42
2023-11-30,Nordeste,Impressora,Ana,58,115482.93,81149.72,34333.20999999999
2023-11-30,Nordeste,Monitor,Carlos,53,187751.05,111180.86,76570.18999999999
2023-11-30,Nordeste,Headset,Daniela,58,172673.13,127260.87,45412.26000000001
2023-11-30,Sudeste,Notebook,Bruno,32,99481.29,60055.61,39425.67999999999
2023-11-30,Sudeste,Smartphone,Ana,58,150816.03,78879.33,71936.7
2023-11-30,Sudeste,Impressora,Fernanda,82,63547.62,41292.67,22254.950000000004
2023-11-30,Sudeste,Monitor,Carlos,84,85144.91,66610.09,18534.820000000007
2023-11-30,Sudeste,Headset,Eduardo,83,210354.34,167387.7,42966.639999999985
2023-11-30,Sul,Notebook,Fernanda,51,166970.27,106398.95,60571.31999999999
2023-11-30,Sul,Smartphone,Bruno,42,107067.41,66862.33,40205.08
2023-11-30,Sul,Impressora,Fernanda,85,407621.47,222328.85,185292.61999999997
2023-11-30,Sul,Monitor,Bruno,61,195695.95,132001.03,63694.92000000001
2023-11-30,Sul,Headset,Fernanda,95,192031.09,103321.79,88709.3
2023-11-30,Centro-Oeste,Notebook,Eduardo,64,78846.31,56793.77,22052.54
2023-11-30,Centro-Oeste,Smartphone,Carlos,94,137909.69,70691.02,67218.67
2023-11-30,Centro-Oeste,Impressora,Bruno,77,72662.9,38870.54,33792.35999999999
2023-11-30,Centro-Oeste,Monitor,Carlos,40,117250.2,61413.79,55836.409999999996
2023-11-30,Centro-Oeste,Headset,Carlos,36,165099.0,102178.75,62920.25
2023-11-30,Norte,Notebook,Daniela,33,37805.21,20620.24,17184.969999999998
2023-11-30,Norte,Smartphone,Carlos,35,111319.57,58352.01,52967.560000000005
2023-11-30,Norte,Impressora,Fernanda,94,245774.2,159936.89,85837.31
2023-11-30,Norte,Monitor,Fernanda,34,65196.59,48077.46,17119.129999999997
2023-11-30,Norte,Headset,Daniela,98,207669.2,122959.2,84710.00000000001
2023-12-31,Nordeste,Notebook,Eduardo,5,9769.74,7779.89,1989.8499999999995
2023-12-31,Nordeste,Smartphone,Bruno,10,37492.97,19199.61,18293.36
2023-12-31,Nordeste,Impressora,Fernanda,23,64935.32,43778.98,21156.339999999997
2023-12-31,Nordeste,Monitor,Eduardo,34,119854.36,77232.16,42622.2
2023-12-31,Nordeste,Headset,Eduardo,16,76438.36,38725.19,37713.17
2023-12-31,Sudeste,Notebook,Ana,25,13952.06,7924.87,6027.19
2023-12-31,Sudeste,Smartphone,Carlos,66,137408.05,93865.26,43542.78999999999
2023-12-31,Sudeste,Impressora,Eduardo,48,35786.13,24328.78,11457.349999999999
2023-12-31,Sudeste,Monitor,Carlos,86,191304.35,108067.79,83236.56000000001
2023-12-31,Sudeste,Headset,Ana,63,87317.71,55214.93,32102.780000000006
2023-12-31,Sul,Notebook,Carlos,86,145350.59,94632.55,50718.03999999999
2023-12-31,Sul,Smartphone,Fernanda,70,295168.68,203500.4,91668.28
2023-12-31,Sul,Impressora,Ana,61,34498.68,19809.83,14688.849999999999
2023-12-31,Sul,Monitor,Fernanda,43,138584.82,78459.28,60125.54000000001
2023-12-31,Sul,Headset,Ana,13,7729.73,5765.48,1964.25
2023-12-31,Centro-Oeste,Notebook,Eduardo,91,368080.43,215330.44,152749.99
2023-12-31,Centro-Oeste,Smartphone,Carlos,78,229592.34,140543.22,89049.12
2023-12-31,Centro-Oeste,Impressora,Eduardo,7,9310.46,5220.26,4090.199999999999
2023-12-31,Centro-Oeste,Monitor,Carlos,10,22329.62,16891.05,5438.57
2023-12-31,Centro-Oeste,Headset,Eduardo,23,102948.95,59832.49,43116.46
2023-12-31,Norte,Notebook,Bruno,88,231876.22,116448.29,115427.93000000001
2023-12-31,Norte,Smartphone,Carlos,49,146500.59,96124.14,50376.45
2023-12-31,Norte,Impressora,Carlos,13,39135.61,30836.41,8299.2
2023-12-31,Norte,Monitor,Ana,75,70577.59,36221.82,34355.77
2023-12-31,Norte,Headset,Ana,26,76328.6,52946.99,23381.610000000008
2024-01-31,Nordeste,Notebook,Ana,14,66596.17,50123.58,16472.589999999997
2024-01-31,Nordeste,Smartphone,Ana,93,438604.31,348782.29,89822.02000000002
2024-01-31,Nordeste,Impressora,Daniela,30,117162.34,82501.91,34660.42999999999
2024-01-31,Nordeste,Monitor,Daniela,27,133724.9,94315.4,39409.5
2024-01-31,Nordeste,Headset,Carlos,29,33103.63,20346.88,12756.749999999996
2024-01-31,Sudeste,Notebook,Fernanda,32,27053.16,13560.57,13492.59
2024-01-31,Sudeste,Smartphone,Ana,96,325266.03,202717.71,122548.32000000004
2024-01-31,Sudeste,Impressora,Ana,88,273529.16,138587.8,134941.36
2024-01-31,Sudeste,Monitor,Ana,71,344712.97,229220.08,115492.88999999998
2024-01-31,Sudeste,Headset,Fernanda,49,76741.74,40603.26,36138.48
2024-01-31,Sul,Notebook,Fernanda,86,351637.94,247294.21,104343.73000000001
2024-01-31,Sul,Smartphone,Eduardo,51,237198.67,123775.12,113423.55000000002
2024-01-31,Sul,Impressora,Bruno,59,237234.05,189254.51,47979.53999999998
2024-01-31,Sul,Monitor,Eduardo,30,133031.49,99665.44,33366.04999999999
2024-01-31,Sul,Headset,Daniela,92,211323.69,131633.92,79689.76999999999
2024-01-31,Centro-Oeste,Notebook,Fernanda,27,15526.11,8670.28,6855.83
2024-01-31,Centro-Oeste,Smartphone,Daniela,59,101888.75,73305.76,28582.990000000005
2024-01-31,Centro-Oeste,Impressora,Ana,23,65515.03,34093.5,31421.53
2024-01-31,Centro-Oeste,Monitor,Fernanda,53,254791.48,195435.61,59355.870000000024
2024-01-31,Centro-Oeste,Headset,Carlos,44,130620.51,81092.06,49528.45
2024-01-31,Norte,Notebook,Daniela,58,44445.22,30660.12,13785.100000000002
2024-01-31,Norte,Smartphone,Carlos,64,318295.52,160205.63,158089.89
2024-01-31,Norte,Impressora,Fernanda,89,218337.9,117524.97,100812.93
2024-01-31,Norte,Monitor,Ana,69,144534.12,85397.83,59136.28999999999
2024-01-31,Norte,Headset,Carlos,27,85065.94,66487.49,18578.449999999997
2024-02-29,Nordeste,Notebook,Bruno,91,145336.89,101266.53,44070.360000000015
2024-02-29,Nordeste,Smartphone,Carlos,49,74024.84,38548.14,35476.7
2024-02-29,Nordeste,Impressora,Carlos,46,120916.69,62029.61,58887.08
2024-02-29,Nordeste,Monitor,Carlos,10,19875.25,14378.17,5497.08
2024-02-29,Nordeste,Headset,Ana,35,48331.51,31606.51,16725.000000000004
2024-02-29,Sudeste,Notebook,Eduardo,81,201076.52,119679.07,81397.44999999998
2024-02-29,Sudeste,Smartphone,Fernanda,96,306897.29,200745.31,106151.97999999998
2024-02-29,Sudeste,Impressora,Ana,62,32803.56,21285.3,11518.259999999998
2024-02-29,Sudeste,Monitor,Ana,42,38257.36,22786.35,15471.010000000002
2024-02-29,Sudeste,Headset,Bruno,44,47462.1,31901.9,15560.199999999997
2024-02-29,Sul,Notebook,Ana,28,17897.29,12784.47,5112.8200000000015
2024-02-29,Sul,Smartphone,Daniela,92,261850.09,201355.49,60494.600000000006
2024-02-29,Sul,Impressora,Daniela,29,17444.67,13231.77,4212.899999999998
2024-02-29,Sul,Monitor,Carlos,93,178778.51,123015.8,55762.71000000001
2024-02-29,Sul,Headset,Carlos,29,112356.72,86954.26,25402.460000000006
2024-02-29,Centro-Oeste,Notebook,Ana,46,60422.53,35083.69,25338.839999999997
2024-02-29,Centro-Oeste,Smartphone,Daniela,59,131646.5,83042.42,48604.08
2024-02-29,Centro-Oeste,Impressora,Eduardo,10,31534.41,16404.61,15129.8
2024-02-29,Centro-Oeste,Monitor,Ana,52,67494.41,48388.2,19106.210000000006
2024-02-29,Centro-Oeste,Headset,Bruno,34,126379.63,85141.11,41238.520000000004
2024-02-29,Norte,Notebook,Daniela,77,248076.86,152873.74,95203.12
2024-02-29,Norte,Smartphone,Ana,13,23671.79,13724.88,9946.910000000002
2024-02-29,Norte,Impressora,Carlos,56,206167.85,144063.99,62103.860000000015
2024-02-29,Norte,Monitor,Bruno,6,25034.13,12659.35,12374.78
2024-02-29,Norte,Headset,Eduardo,78,112148.25,60546.42,51601.83
2024-03-31,Nordeste,Notebook,Carlos,67,103170.88,79360.66,23810.22
2024-03-31,Nordeste,Smartphone,Eduardo,15,22393.95,12124.92,10269.03
2024-03-31,Nordeste,Impressora,Eduardo,40,110010.49,77278.84,32731.65000000001
2024-03-31,Nordeste,Monitor,Bruno,77,301841.92,179227.52,122614.4
2024-03-31,Nordeste,Headset,Daniela,27,88875.11,65867.7,23007.410000000003
2024-03-31,Sudeste,Notebook,Eduardo,27,60391.65,36970.81,23420.840000000004
2024-03-31,Sudeste,Smartphone,Eduardo,99,357632.59,282419.49,75213.10000000003
2024-03-31,Sudeste,Impressora,Daniela,59,64205.45,45040.94,19164.509999999995
2024-03-31,Sudeste,Monitor,Eduardo,96,137345.33,89458.07,47887.25999999998
2024-03-31,Sudeste,Headset,Bruno,86,122946.85,73027.96,49918.89
2024-03-31,Sul,Notebook,Eduardo,87,199426.83,100121.13,99305.69999999998
2024-03-31,Sul,Smartphone,Fernanda,66,265666.0,205300.26,60365.73999999999
2024-03-31,Sul,Impressora,Daniela,19,73734.35,56708.98,17025.370000000003
2024-03-31,Sul,Monitor,Fernanda,53,183365.3,126975.07,56390.22999999998
2024-03-31,Sul,Headset,Fernanda,87,351990.31,271375.53,80614.77999999997
2024-03-31,Centro-Oeste,Notebook,Fernanda,55,89013.61,52970.46,36043.15
2024-03-31,Centro-Oeste,Smartphone,Daniela,87,386253.81,228175.53,158078.28
2024-03-31,Centro-Oeste,Impressora,Eduardo,11,47932.93,34962.05,12970.879999999997
2024-03-31,Centro-Oeste,Monitor,Ana,10,36064.53,28256.82,7807.709999999999
2024-03-31,Centro-Oeste,Headset,Eduardo,29,21517.29,15079.47,6437.8200000000015
2024-03-31,Norte,Notebook,Carlos,30,47882.1,28337.31,19544.789999999997
2024-03-31,Norte,Smartphone,Daniela,7,9079.51,4553.75,4525.76
2024-03-31,Norte,Impressora,Carlos,94,82640.02,58244.34,24395.680000000008
2024-03-31,Norte,Monitor,Fernanda,63,261686.76,205090.43,56596.330000000016
2024-03-31,Norte,Headset,Fernanda,63,259219.93,206331.01,52888.919999999984
2024-04-30,Nordeste,Notebook,Eduardo,67,58212.67,40402.57,17810.1
2024-04-30,Nordeste,Smartphone,Carlos,7,8819.04,4551.42,4267.620000000001
2024-04-30,Nordeste,Impressora,Carlos,5,13198.2,9961.07,3237.130000000001
2024-04-30,Nordeste,Monitor,Daniela,91,114410.08,85914.27,28495.809999999998
2024-04-30,Nordeste,Headset,Eduardo,37,50001.1,35806.55,14194.549999999996
2024-04-30,Sudeste,Notebook,Ana,63,202822.73,129455.56,73367.17000000001
2024-04-30,Sudeste,Smartphone,Eduardo,52,220117.68,156903.54,63214.139999999985
2024-04-30,Sudeste,Impressora,Fernanda,18,63352.05,44923.4,18428.65
2024-04-30,Sudeste,Monitor,Ana,28,31545.1,21564.31,9980.789999999997
2024-04-30,Sudeste,Headset,Fernanda,82,161333.8,84099.24,77234.55999999998
2024-04-30,Sul,Notebook,Carlos,19,83243.45,47442.26,35801.189999999995
2024-04-30,Sul,Smartphone,Carlos,66,312791.29,184384.75,128406.53999999998
2024-04-30,Sul,Impressora,Eduardo,36,179266.81,138654.71,40612.100000000006
2024-04-30,Sul,Monitor,Eduardo,5,3763.65,2170.46,1593.19
2024-04-30,Sul,Headset,Fernanda,97,275717.38,174308.38,101409.0
2024-04-30,Centro-Oeste,Notebook,Eduardo,35,36697.37,22926.99,13770.380000000001
2024-04-30,Centro-Oeste,Smartphone,Fernanda,12,27424.77,17612.24,9812.529999999999
2024-04-30,Centro-Oeste,Impressora,Eduardo,82,361725.52,238383.9,123341.62000000002
2024-04-30,Centro-Oeste,Monitor,Daniela,89,208989.05,155756.83,53232.22
2024-04-30,Centro-Oeste,Headset,Eduardo,20,86791.82,60933.41,25858.410000000003
2024-04-30,Norte,Notebook,Carlos,21,36664.21,18838.77,17825.44
2024-04-30,Norte,Smartphone,Daniela,89,309149.81,223796.29,85353.51999999999
2024-04-30,Norte,Impressora,Ana,93,228657.26,177485.47,51171.79000000001
2024-04-30,Norte,Monitor,Carlos,41,58182.67,36399.57,21783.1
2024-04-30,Norte,Headset,Ana,70,35071.52,27162.91,7908.609999999997
2024-05-31,Nordeste,Notebook,Fernanda,26,109200.69,79263.82,29936.869999999995
2024-05-31,Nordeste,Smartphone,Carlos,22,82555.68,47019.78,35535.899999999994
2024-05-31,Nordeste,Impressora,Ana,92,173388.96,99291.61,74097.34999999999
2024-05-31,Nordeste,Monitor,Carlos,47,180862.04,129008.95,51853.09000000001
2024-05-31,Nordeste,Headset,Bruno,59,38949.21,31093.12,7856.09
2024-05-31,Sudeste,Notebook,Bruno,91,352731.8,205414.07,147317.72999999998
2024-05-31,Sudeste,Smartphone,Ana,17,14709.06,9349.97,5359.09
2024-05-31,Sudeste,Impressora,Ana,47,166386.6,108595.25,57791.350000000006
2024-05-31,Sudeste,Monitor,Bruno,27,95097.91,48453.98,46643.93
2024-05-31,Sudeste,Headset,Bruno,62,41517.67,30823.56,10694.109999999997
2024-05-31,Sul,Notebook,Bruno,11,42851.18,24621.5,18229.68
2024-05-31,Sul,Smartphone,Ana,72,357451.95,270683.77,86768.18
2024-05-31,Sul,Impressora,Carlos,33,121396.24,73283.74,48112.5
2024-05-31,Sul,Monitor,Carlos,51,118098.88,67366.71,50732.17
2024-05-31,Sul,Headset,Carlos,74,149331.09,111738.05,37593.03999999999
2024-05-31,Centro-Oeste,Notebook,Fernanda,76,143274.15,82002.9,61271.25
2024-05-31,Centro-Oeste,Smartphone,Carlos,90,269997.58,158598.82,111398.76000000001
2024-05-31,Centro-Oeste,Impressora,Carlos,66,144929.46,110548.06,34381.399999999994
2024-05-31,Centro-Oeste,Monitor,Daniela,33,126005.38,83303.72,42701.66
2024-05-31,Centro-Oeste,Headset,Ana,35,70943.35,50559.18,20384.170000000006
2024-05-31,Norte,Notebook,Bruno,21,40232.43,28251.43,11981.0
2024-05-31,Norte,Smartphone,Fernanda,60,63074.42,43551.12,19523.299999999996
2024-05-31,Norte,Impressora,Carlos,61,49862.03,38534.82,11327.21
2024-05-31,Norte,Monitor,Eduardo,5,20978.13,13916.67,7061.460000000001
2024-05-31,Norte,Headset,Eduardo,69,331166.66,190118.92,141047.73999999996
2024-06-30,Nordeste,Notebook,Eduardo,20,25192.9,19050.44,6142.460000000003
2024-06-30,Nordeste,Smartphone,Bruno,84,85681.07,64340.16,21340.910000000003
2024-06-30,Nordeste,Impressora,Carlos,21,87954.55,67413.42,20541.130000000005
2024-06-30,Nordeste,Monitor,Daniela,57,101393.27,59486.48,41906.79
2024-06-30,Nordeste,Headset,Fernanda,72,280469.96,177715.83,102754.13000000003
2024-06-30,Sudeste,Notebook,Carlos,6,7524.3,4462.6,3061.7
2024-06-30,Sudeste,Smartphone,Eduardo,16,65343.72,47167.76,18175.96
2024-06-30,Sudeste,Impressora,Daniela,5,6004.9,3987.93,2016.9699999999998
2024-06-30,Sudeste,Monitor,Fernanda,87,191237.68,119342.82,71894.85999999999
2024-06-30,Sudeste,Headset,Bruno,81,388834.23,305658.62,83175.60999999999
2024-06-30,Sul,Notebook,Bruno,83,302799.31,228879.31,73920.0
2024-06-30,Sul,Smartphone,Carlos,61,224284.99,146033.43,78251.56
2024-06-30,Sul,Impressora,Bruno,84,412915.36,253730.28,159185.08
2024-06-30,Sul,Monitor,Fernanda,33,67374.78,46374.1,21000.68
2024-06-30,Sul,Headset,Eduardo,38,95998.3,63294.84,32703.460000000006
2024-06-30,Centro-Oeste,Notebook,Carlos,62,205495.93,152576.72,52919.20999999999
2024-06-30,Centro-Oeste,Smartphone,Ana,5,15141.94,10620.88,4521.060000000001
2024-06-30,Centro-Oeste,Impressora,Fernanda,14,16355.93,11104.7,5251.23
2024-06-30,Centro-Oeste,Monitor,Daniela,25,55488.89,29946.28,25542.61
2024-06-30,Centro-Oeste,Headset,Bruno,67,231816.26,155158.94,76657.32
2024-06-30,Norte,Notebook,Daniela,60,188358.18,123906.67,64451.509999999995
2024-06-30,Norte,Smartphone,Fernanda,31,114916.85,64117.63,50799.22000000001
2024-06-30,Norte,Impressora,Carlos,62,81264.26,43310.51,37953.74999999999
2024-06-30,Norte,Monitor,Eduardo,19,26544.04,16555.78,9988.260000000002
2024-06-30,Norte,Headset,Bruno,79,59315.87,40509.41,18806.46
2024-07-31,Nordeste,Notebook,Carlos,42,59206.24,39292.05,19914.189999999995
2024-07-31,Nordeste,Smartphone,Fernanda,21,32386.11,24441.06,7945.049999999999
2024-07-31,Nordeste,Impressora,Ana,66,274260.88,165338.63,108922.25
2024-07-31,Nordeste,Monitor,Ana,54,261697.25,147005.37,114691.88
2024-07-31,Nordeste,Headset,Carlos,89,263444.24,201625.37,61818.869999999995
2024-07-31,Sudeste,Notebook,Bruno,21,28970.78,15930.13,13040.65
2024-07-31,Sudeste,Smartphone,Eduardo,49,96788.32,59198.13,37590.19000000001
2024-07-31,Sudeste,Impressora,Ana,33,66815.29,52491.34,14323.949999999997
2024-07-31,Sudeste,Monitor,Daniela,51,227665.44,117220.78,110444.66
2024-07-31,Sudeste,Headset,Carlos,19,28017.52,21343.4,6674.119999999999
2024-07-31,Sul,Notebook,Bruno,56,150820.88,106694.43,44126.45000000001
2024-07-31,Sul,Smartphone,Fernanda,96,317672.0,237877.73,79794.26999999999
2024-07-31,Sul,Impressora,Carlos,70,323924.49,215755.59,108168.9
2024-07-31,Sul,Monitor,Daniela,37,90237.9,53570.41,36667.48999999999
2024-07-31,Sul,Headset,Carlos,53,228860.52,139370.7,89489.81999999998
2024-07-31,Centro-Oeste,Notebook,Daniela,11,22291.4,14787.64,7503.760000000002
2024-07-31,Centro-Oeste,Smartphone,Eduardo,58,132108.92,68086.17,64022.750000000015
2024-07-31,Centro-Oeste,Impressora,Bruno,84,188462.32,127217.05,61245.270000000004
2024-07-31,Centro-Oeste,Monitor,Daniela,10,33563.49,18658.81,14904.679999999997
2024-07-31,Centro-Oeste,Headset,Ana,82,242361.81,136018.13,106343.68
2024-07-31,Norte,Notebook,Ana,30,18627.13,11439.75,7187.380000000001
2024-07-31,Norte,Smartphone,Carlos,56,161901.92,100174.11,61727.81000000001
2024-07-31,Norte,Impressora,Bruno,18,74253.78,43802.35,30451.43
2024-07-31,Norte,Monitor,Bruno,48,139697.05,95760.55,43936.499999999985
2024-07-31,Norte,Headset,Fernanda,30,83981.05,52792.95,31188.100000000006
2024-08-31,Nordeste,Notebook,Bruno,77,162533.55,97536.1,64997.44999999998
2024-08-31,Nordeste,Smartphone,Ana,52,154854.55,84541.81,70312.73999999999
2024-08-31,Nordeste,Impressora,Carlos,50,160056.57,115140.72,44915.850000000006
2024-08-31,Nordeste,Monitor,Bruno,82,252644.85,152216.59,100428.26000000001
2024-08-31,Nordeste,Headset,Eduardo,10,27376.42,15153.53,12222.889999999998
2024-08-31,Sudeste,Notebook,Bruno,16,68631.69,46960.55,21671.14
2024-08-31,Sudeste,Smartphone,Eduardo,55,74954.71,49968.5,24986.210000000006
2024-08-31,Sudeste,Impressora,Carlos,10,14314.71,10813.64,3501.0699999999997
2024-08-31,Sudeste,Monitor,Eduardo,52,109325.78,76977.96,32347.819999999992
2024-08-31,Sudeste,Headset,Carlos,73,268619.46,177451.18,91168.28000000003
2024-08-31,Sul,Notebook,Carlos,97,173545.79,113745.93,59799.860000000015
2024-08-31,Sul,Smartphone,Eduardo,15,55042.63,42855.04,12187.589999999997
2024-08-31,Sul,Impressora,Eduardo,39,73250.01,42450.17,30799.839999999997
2024-08-31,Sul,Monitor,Bruno,16,21886.68,11552.11,10334.57
2024-08-31,Sul,Headset,Bruno,45,188882.42,100185.87,88696.55000000002
2024-08-31,Centro-Oeste,Notebook,Carlos,66,274036.89,176666.7,97370.19
2024-08-31,Centro-Oeste,Smartphone,Daniela,46,57414.85,35248.2,22166.65
2024-08-31,Centro-Oeste,Impressora,Fernanda,8,24976.7,13418.29,11558.41
2024-08-31,Centro-Oeste,Monitor,Daniela,85,318333.13,176717.99,141615.14
2024-08-31,Centro-Oeste,Headset,Eduardo,55,148084.97,75142.68,72942.29000000001
2024-08-31,Norte,Notebook,Daniela,77,179833.75,105003.29,74830.46
2024-08-31,Norte,Smartphone,Daniela,57,215235.14,160122.96,55112.18000000002
2024-08-31,Norte,Impressora,Daniela,97,216794.13,141351.02,75443.11000000002
2024-08-31,Norte,Monitor,Fernanda,89,366949.3,198539.22,168410.08
2024-08-31,Norte,Headset,Fernanda,43,194373.82,119802.36,74571.46
2024-09-30,Nordeste,Notebook,Ana,5,18805.67,14121.64,4684.029999999999
2024-09-30,Nordeste,Smartphone,Eduardo,48,92255.38,69714.05,22541.33
2024-09-30,Nordeste,Impressora,Fernanda,10,29876.67,21576.9,8299.769999999997
2024-09-30,Nordeste,Monitor,Carlos,14,49383.63,29688.45,19695.179999999997
2024-09-30,Nordeste,Headset,Fernanda,89,157180.92,100167.1,57013.82000000001
2024-09-30,Sudeste,Notebook,Ana,63,253480.57,183785.06,69695.51000000001
2024-09-30,Sudeste,Smartphone,Daniela,80,126335.18,70556.62,55778.56
2024-09-30,Sudeste,Impressora,Fernanda,56,123254.5,97907.76,25346.740000000005
2024-09-30,Sudeste,Monitor,Ana,79,321033.11,199262.72,121770.38999999998
2024-09-30,Sudeste,Headset,Fernanda,91,93809.73,48175.56,45634.17
2024-09-30,Sul,Notebook,Ana,89,144981.57,76864.71,68116.86
2024-09-30,Sul,Smartphone,Eduardo,88,221835.09,149358.0,72477.09
2024-09-30,Sul,Impressora,Fernanda,22,43910.24,26111.66,17798.579999999998
2024-09-30,Sul,Monitor,Eduardo,34,73120.14,38742.59,34377.55
2024-09-30,Sul,Headset,Daniela,53,256956.42,203258.27,53698.15000000002
2024-09-30,Centro-Oeste,Notebook,Daniela,37,118531.89,84188.43,34343.46000000001
2024-09-30,Centro-Oeste,Smartphone,Daniela,46,153569.48,97776.9,55792.580000000016
2024-09-30,Centro-Oeste,Impressora,Carlos,62,242419.66,141712.6,100707.06
2024-09-30,Centro-Oeste,Monitor,Ana,16,74574.21,38544.97,36029.240000000005
2024-09-30,Centro-Oeste,Headset,Bruno,61,180740.63,99295.25,81445.38
2024-09-30,Norte,Notebook,Fernanda,17,32780.25,18556.76,14223.490000000002
2024-09-30,Norte,Smartphone,Carlos,62,174613.07,92522.91,82090.16
2024-09-30,Norte,Impressora,Carlos,32,92727.09,70305.71,22421.37999999999
2024-09-30,Norte,Monitor,Daniela,6,3284.88,2030.8,1254.0800000000002
2024-09-30,Norte,Headset,Bruno,92,189185.57,96591.44,92594.13
2024-10-31,Nordeste,Notebook,Fernanda,64,262987.02,144163.73,118823.29000000001
2024-10-31,Nordeste,Smartphone,Eduardo,9,12274.2,8785.5,3488.7000000000007
2024-10-31,Nordeste,Impressora,Ana,57,109609.18,82589.56,27019.619999999995
2024-10-31,Nordeste,Monitor,Daniela,36,66277.11,45575.02,20702.090000000004
2024-10-31,Nordeste,Headset,Daniela,89,193886.43,109102.05,84784.37999999999
2024-10-31,Sudeste,Notebook,Daniela,30,142468.19,113782.69,28685.5
2024-10-31,Sudeste,Smartphone,Eduardo,95,409707.67,230174.47,179533.19999999998
2024-10-31,Sudeste,Impressora,Carlos,20,40767.92,32440.71,8327.21
2024-10-31,Sudeste,Monitor,Eduardo,29,15645.43,9616.3,6029.130000000001
2024-10-31,Sudeste,Headset,Ana,96,266317.79,165359.22,100958.56999999998
2024-10-31,Sul,Notebook,Daniela,58,191129.63,102488.29,88641.34000000001
2024-10-31,Sul,Smartphone,Bruno,81,202802.38,131098.61,71703.77000000002
2024-10-31,Sul,Impressora,Bruno,82,77615.72,48788.72,28827.0
2024-10-31,Sul,Monitor,Eduardo,37,54323.41,37387.56,16935.850000000006
2024-10-31,Sul,Headset,Eduardo,55,78188.6,57812.6,20376.000000000007
2024-10-31,Centro-Oeste,Notebook,Fernanda,19,14954.43,9214.43,5740.0
2024-10-31,Centro-Oeste,Smartphone,Carlos,14,26182.9,20812.37,5370.5300000000025
2024-10-31,Centro-Oeste,Impressora,Bruno,84,313281.59,248427.69,64853.90000000002
2024-10-31,Centro-Oeste,Monitor,Daniela,40,133197.12,92187.62,41009.5
2024-10-31,Centro-Oeste,Headset,Eduardo,22,84346.06,55902.21,28443.85
2024-10-31,Norte,Notebook,Ana,82,186295.65,127139.96,59155.68999999999
2024-10-31,Norte,Smartphone,Eduardo,54,207395.89,117904.44,89491.45000000001
2024-10-31,Norte,Impressora,Daniela,73,131516.62,80331.17,51185.45
2024-10-31,Norte,Monitor,Bruno,21,48298.4,24980.78,23317.620000000003
2024-10-31,Norte,Headset,Carlos,50,223977.27,122184.72,101792.54999999999
2024-11-30,Nordeste,Notebook,Ana,66,230427.54,144201.65,86225.89000000001
2024-11-30,Nordeste,Smartphone,Ana,63,147942.39,96368.37,51574.02000000002
2024-11-30,Nordeste,Impressora,Bruno,53,191475.25,133726.85,57748.399999999994
2024-11-30,Nordeste,Monitor,Carlos,47,129661.45,100225.59,29435.86
2024-11-30,Nordeste,Headset,Daniela,94,293215.67,216786.48,76429.18999999997
2024-11-30,Sudeste,Notebook,Carlos,72,340196.14,200199.9,139996.24000000002
2024-11-30,Sudeste,Smartphone,Fernanda,40,156246.98,110425.42,45821.56000000001
2024-11-30,Sudeste,Impressora,Bruno,53,53009.48,26988.44,26021.040000000005
2024-11-30,Sudeste,Monitor,Daniela,99,438873.09,248495.99,190377.10000000003
2024-11-30,Sudeste,Headset,Fernanda,57,44455.61,33199.93,11255.68
2024-11-30,Sul,Notebook,Eduardo,25,45223.65,28980.31,16243.34
2024-11-30,Sul,Smartphone,Eduardo,23,43057.47,24017.58,19039.89
2024-11-30,Sul,Impressora,Fernanda,40,73614.69,54034.25,19580.440000000002
2024-11-30,Sul,Monitor,Eduardo,48,73136.03,40214.25,32921.78
2024-11-30,Sul,Headset,Daniela,38,159313.13,79997.92,79315.21
2024-11-30,Centro-Oeste,Notebook,Bruno,45,58780.69,45104.9,13675.79
2024-11-30,Centro-Oeste,Smartphone,Bruno,14,51709.29,41114.76,10594.529999999999
2024-11-30,Centro-Oeste,Impressora,Carlos,25,23378.14,16741.95,6636.189999999999
2024-11-30,Centro-Oeste,Monitor,Fernanda,89,351230.3,183961.77,167268.53
2024-11-30,Centro-Oeste,Headset,Ana,73,42888.68,23873.48,19015.2
2024-11-30,Norte,Notebook,Daniela,65,306229.14,195104.07,111125.07
2024-11-30,Norte,Smartphone,Carlos,54,29554.71,21532.59,8022.119999999999
2024-11-30,Norte,Impressora,Ana,66,161553.46,106732.35,54821.109999999986
2024-11-30,Norte,Monitor,Bruno,14,39108.36,30217.45,8890.91
2024-11-30,Norte,Headset,Bruno,95,310442.32,241546.56,68895.76000000001
2024-12-31,Nordeste,Notebook,Fernanda,91,66182.78,43958.03,22224.75
2024-12-31,Nordeste,Smartphone,Ana,32,53831.82,34542.51,19289.309999999998
2024-12-31,Nordeste,Impressora,Fernanda,61,107087.78,66554.04,40533.740000000005
2024-12-31,Nordeste,Monitor,Ana,7,29348.64,18128.07,11220.57
2024-12-31,Nordeste,Headset,Carlos,29,71862.96,46936.44,24926.520000000004
2024-12-31,Sudeste,Notebook,Daniela,56,57071.43,43425.9,13645.529999999999
2024-12-31,Sudeste,Smartphone,Fernanda,81,167051.55,123326.59,43724.95999999999
2024-12-31,Sudeste,Impressora,Eduardo,70,330356.53,232541.74,97814.79000000004
2024-12-31,Sudeste,Monitor,Fernanda,67,217474.1,170219.46,47254.640000000014
2024-12-31,Sudeste,Headset,Ana,21,12771.9,8432.54,4339.359999999999
2024-12-31,Sul,Notebook,Fernanda,23,87382.1,69785.66,17596.440000000002
2024-12-31,Sul,Smartphone,Eduardo,75,217496.7,135216.3,82280.40000000002
2024-12-31,Sul,Impressora,Eduardo,8,39188.44,29626.27,9562.170000000002
2024-12-31,Sul,Monitor,Daniela,72,231451.52,131505.73,99945.78999999998
2024-12-31,Sul,Headset,Carlos,28,101566.24,66480.19,35086.05
2024-12-31,Centro-Oeste,Notebook,Ana,87,282840.26,172898.02,109942.24000000002
2024-12-31,Centro-Oeste,Smartphone,Carlos,27,60218.67,36377.36,23841.309999999998
2024-12-31,Centro-Oeste,Impressora,Daniela,13,52234.12,33704.17,18529.950000000004
2024-12-31,Centro-Oeste,Monitor,Eduardo,39,120673.8,72720.55,47953.25
2024-12-31,Centro-Oeste,Headset,Daniela,24,37735.28,21407.79,16327.489999999998
2024-12-31,Norte,Notebook,Ana,14,23433.5,11780.63,11652.87
2024-12-31,Norte,Smartphone,Fernanda,90,225434.71,178113.84,47320.869999999995
2024-12-31,Norte,Impressora,Carlos,96,421002.44,228113.89,192888.55
2024-12-31,Norte,Monitor,Eduardo,86,378908.12,255737.11,123171.01000000001
2024-12-31,Norte,Headset,Fernanda,38,82619.45,43601.16,39018.28999999999
